Timestamp,GSR,HR,GyroX,GyroY,GyroZ
2025-09-13 17:03:09.135233,2610,67,2832,108,16292
2025-09-13 17:03:09.216086,2634,67,2732,168,16372
2025-09-13 17:03:09.283177,2630,67,2764,128,16196
2025-09-13 17:03:09.356373,2635,67,2688,72,16224
2025-09-13 17:03:09.425834,2636,67,2696,208,16120
2025-09-13 17:03:09.514258,2636,67,2740,212,16284
2025-09-13 17:03:09.696025,2636,67,2668,164,16248
2025-09-13 17:03:09.787676,2638,67,2752,228,16188
2025-09-13 17:03:09.864485,2637,67,2704,104,16212
2025-09-13 17:03:09.949838,2639,67,2672,168,16352
2025-09-13 17:03:10.014825,2648,67,2752,200,16336
2025-09-13 17:03:10.078763,2647,67,2808,240,16304
2025-09-13 17:03:10.144168,2639,67,2640,204,16376
2025-09-13 17:03:10.228204,2632,67,2652,184,16240
2025-09-13 17:03:10.310180,2647,67,2684,164,16308
2025-09-13 17:03:10.404137,2641,67,2636,112,16188
2025-09-13 17:03:10.486137,2645,67,2744,128,16176
2025-09-13 17:03:10.575322,2651,67,2952,100,16164
2025-09-13 17:03:10.659334,2635,67,2840,144,16196
2025-09-13 17:03:10.746427,2635,67,2636,164,16260
2025-09-13 17:03:10.843950,2651,67,2628,120,16296
2025-09-13 17:03:10.939063,2636,67,2748,136,16292
2025-09-13 17:03:11.024076,2636,67,2836,92,16272
2025-09-13 17:03:11.087197,2634,67,2764,184,16316
2025-09-13 17:03:11.149273,2616,67,2824,212,16284
2025-09-13 17:03:11.214197,2635,67,2744,144,16432
2025-09-13 17:03:11.281907,2649,67,2740,136,16232
2025-09-13 17:03:11.348908,2636,60,2660,144,16320
2025-09-13 17:03:11.414776,2631,60,2852,132,16304
2025-09-13 17:03:11.480213,2639,60,2768,188,16412
2025-09-13 17:03:11.550086,2633,60,2688,164,16312
2025-09-13 17:03:11.618580,2632,60,2876,168,16412
2025-09-13 17:03:11.687372,2634,60,2908,164,16304
2025-09-13 17:03:11.754184,2641,60,2868,168,16220
2025-09-13 17:03:11.929560,2634,60,2708,124,16224
2025-09-13 17:03:12.005696,2634,60,2696,224,16316
2025-09-13 17:03:12.089943,2634,60,2684,212,16288
2025-09-13 17:03:12.162481,2639,60,2804,156,16248
2025-09-13 17:03:12.232478,2635,60,2764,232,16280
2025-09-13 17:03:12.304509,2635,60,2748,172,16244
2025-09-13 17:03:12.386518,2640,60,2748,180,16240
2025-09-13 17:03:12.467530,2638,60,2796,204,16308
2025-09-13 17:03:12.540049,2637,60,2752,168,16296
2025-09-13 17:03:12.614209,2641,60,2800,208,16288
2025-09-13 17:03:12.691999,2637,60,2772,276,16312
2025-09-13 17:03:12.770985,2641,60,2752,224,16292
2025-09-13 17:03:12.848158,2629,60,2880,152,16304
2025-09-13 17:03:12.932823,2637,60,2784,156,16144
2025-09-13 17:03:13.003835,2634,60,2816,108,16276
2025-09-13 17:03:13.077286,2647,60,2780,172,16472
2025-09-13 17:03:13.165386,2632,60,2676,244,16320
2025-09-13 17:03:13.240394,2636,60,2744,148,16252
2025-09-13 17:03:13.317410,2637,60,2812,152,16340
2025-09-13 17:03:13.395505,2608,60,2776,220,16200
2025-09-13 17:03:13.474591,2639,60,2836,188,16076
2025-09-13 17:03:13.553507,2629,60,2784,136,16264
2025-09-13 17:03:13.635802,2636,60,2708,52,16368
2025-09-13 17:03:13.711808,2628,60,2804,88,16272
2025-09-13 17:03:13.788071,2639,60,2856,236,16268
2025-09-13 17:03:13.856171,2639,60,2836,200,16316
2025-09-13 17:03:13.921086,2649,60,2776,168,16368
2025-09-13 17:03:13.995541,2628,60,2720,164,16216
2025-09-13 17:03:14.070551,2629,60,2788,196,16272
2025-09-13 17:03:14.141612,2637,60,2652,124,16284
2025-09-13 17:03:14.212660,2639,60,2772,168,16264
2025-09-13 17:03:14.290068,2636,60,2696,196,16320
2025-09-13 17:03:14.356351,2634,60,2832,204,16288
2025-09-13 17:03:14.423280,2612,60,2936,152,16252
2025-09-13 17:03:14.487039,2635,60,2772,220,16304
2025-09-13 17:03:14.556124,2640,60,2760,92,16412
2025-09-13 17:03:14.621959,2646,60,2792,116,16292
2025-09-13 17:03:14.695965,2636,60,2696,44,16116
2025-09-13 17:03:14.770057,2679,60,2876,68,16312
2025-09-13 17:03:14.846060,2636,60,2884,148,16292
2025-09-13 17:03:14.915895,2637,60,2720,176,16324
2025-09-13 17:03:14.981977,2636,60,2776,136,16348
2025-09-13 17:03:15.047068,2636,60,2808,132,16304
2025-09-13 17:03:15.114163,2647,60,2808,168,16292
2025-09-13 17:03:15.181196,2636,60,2760,108,16348
2025-09-13 17:03:15.266282,2642,60,2776,72,16268
2025-09-13 17:03:15.334888,2633,60,2884,148,16272
2025-09-13 17:03:15.402928,2637,60,2944,208,16264
2025-09-13 17:03:15.472887,2628,60,2916,116,16292
2025-09-13 17:03:15.541888,2638,60,2844,40,16204
2025-09-13 17:03:15.608888,2647,60,2820,96,16288
2025-09-13 17:03:15.675888,2637,60,2868,136,16184
2025-09-13 17:03:15.743894,2640,60,2868,144,16304
2025-09-13 17:03:15.811888,2632,60,2860,136,16196
2025-09-13 17:03:15.879978,2638,60,2888,136,16204
2025-09-13 17:03:15.946890,2643,60,2836,88,16276
2025-09-13 17:03:16.016976,2636,60,2736,120,16364
2025-09-13 17:03:16.083888,2633,60,2916,112,16228
2025-09-13 17:03:16.151888,2634,60,2904,44,16296
2025-09-13 17:03:16.220888,2634,60,2812,136,16304
2025-09-13 17:03:16.304986,2635,60,2832,176,16088
2025-09-13 17:03:16.372969,2636,60,2912,212,16356
2025-09-13 17:03:16.439107,2637,60,2796,92,16324
2025-09-13 17:03:16.507103,2649,60,2900,108,16084
2025-09-13 17:03:16.575617,2679,60,2784,100,16232
2025-09-13 17:03:16.644618,2637,60,2920,148,16232
2025-09-13 17:03:16.710616,2649,60,2896,64,16320
2025-09-13 17:03:16.777690,2639,60,2884,224,16280
2025-09-13 17:03:16.844617,2632,60,2892,136,16316
2025-09-13 17:03:16.918692,2634,60,2828,144,16344
2025-09-13 17:03:16.985687,2635,60,2876,76,16176
2025-09-13 17:03:17.053616,2629,60,2948,176,16304
2025-09-13 17:03:17.120703,2636,60,2980,76,16192
2025-09-13 17:03:17.192616,2637,60,2872,152,16080
2025-09-13 17:03:17.260656,2637,60,2844,88,16256
2025-09-13 17:03:17.344163,2636,60,2856,200,16156
2025-09-13 17:03:17.412163,2651,60,2768,180,16312
2025-09-13 17:03:17.481248,2637,60,2792,180,16144
2025-09-13 17:03:17.549163,2647,60,2892,56,16356
2025-09-13 17:03:17.617163,2638,60,2820,44,16288
2025-09-13 17:03:17.683122,2636,60,2784,80,16284
2025-09-13 17:03:17.753914,2639,60,2920,164,16368
2025-09-13 17:03:17.822232,2634,60,2864,160,16316
2025-09-13 17:03:17.889829,2628,60,2788,208,16180
2025-09-13 17:03:17.959731,2629,60,2844,144,16344
2025-09-13 17:03:18.026625,2629,60,2844,140,16220
2025-09-13 17:03:18.099227,2638,60,2832,65524,16256
2025-09-13 17:03:18.169138,2651,60,2852,128,16292
2025-09-13 17:03:18.236131,2636,60,3020,84,16264
2025-09-13 17:03:18.306176,2651,60,2776,60,16324
2025-09-13 17:03:18.390143,2632,60,2840,172,16292
2025-09-13 17:03:18.456820,2647,60,2936,128,16212
2025-09-13 17:03:18.524820,2624,60,2904,4,16084
2025-09-13 17:03:18.592820,2652,60,2892,112,16140
2025-09-13 17:03:18.657820,2634,60,2924,116,16332
2025-09-13 17:03:18.723821,2638,60,2880,140,16248
2025-09-13 17:03:18.792820,2643,60,2868,76,16340
2025-09-13 17:03:18.857819,2639,60,2920,140,16280
2025-09-13 17:03:18.923820,2643,60,2844,108,16116
2025-09-13 17:03:18.989821,2637,60,2960,96,16268
2025-09-13 17:03:19.057820,2634,60,2844,52,16184
2025-09-13 17:03:19.127821,2637,60,2868,72,16344
2025-09-13 17:03:19.195820,2628,60,3004,108,16316
2025-09-13 17:03:19.264821,2633,60,2884,104,16356
2025-09-13 17:03:19.349821,2636,60,2880,184,16312
2025-09-13 17:03:19.415820,2636,60,2880,140,16252
2025-09-13 17:03:19.483657,2619,60,2824,124,16188
2025-09-13 17:03:19.551658,2637,60,2932,96,16316
2025-09-13 17:03:19.616708,2651,60,2936,80,16188
2025-09-13 17:03:19.683700,2626,60,2856,52,16276
2025-09-13 17:03:19.746657,2636,60,2700,192,16332
2025-09-13 17:03:19.815682,2630,60,2896,112,16244
2025-09-13 17:03:19.985083,2637,60,2964,52,16324
2025-09-13 17:03:20.053991,2610,60,2888,60,16268
2025-09-13 17:03:20.119992,2637,60,2924,236,16228
2025-09-13 17:03:20.182992,2636,60,2736,8,16256
2025-09-13 17:03:20.248675,2626,60,2832,216,16220
2025-09-13 17:03:20.316189,2633,60,2764,148,16244
2025-09-13 17:03:20.382273,2637,60,2868,24,16276
2025-09-13 17:03:20.472263,2608,60,2824,104,16244
2025-09-13 17:03:20.570190,2637,60,2940,208,16296
2025-09-13 17:03:20.637291,2639,60,2824,132,16172
2025-09-13 17:03:20.702585,2649,60,2916,144,16280
2025-09-13 17:03:20.773189,2648,60,2824,152,16252
2025-09-13 17:03:20.842203,2639,60,2772,160,16164
2025-09-13 17:03:20.909286,2637,60,2904,108,16204
2025-09-13 17:03:20.977205,2608,60,2772,80,16120
2025-09-13 17:03:21.049289,2628,60,2932,64,16360
2025-09-13 17:03:21.115204,2635,60,2868,200,16176
2025-09-13 17:03:21.182205,2626,60,2956,200,16280
2025-09-13 17:03:21.250204,2647,60,2888,164,16236
2025-09-13 17:03:21.318203,2631,60,2940,128,16276
2025-09-13 17:03:21.386206,2641,60,2800,248,16240
2025-09-13 17:03:21.451209,2637,60,2860,140,16240
2025-09-13 17:03:21.532203,2644,60,3012,65496,16236
2025-09-13 17:03:21.600204,2638,60,2964,228,16220
2025-09-13 17:03:21.667718,2633,60,2880,208,16340
2025-09-13 17:03:21.732229,2639,60,2928,65512,16228
2025-09-13 17:03:21.796228,2628,60,2896,28,16196
2025-09-13 17:03:21.862229,2628,60,2900,108,16288
2025-09-13 17:03:21.929229,2634,60,2728,280,16272
2025-09-13 17:03:21.998230,2631,60,2892,212,16164
2025-09-13 17:03:22.068229,2649,60,2940,152,16400
2025-09-13 17:03:22.137229,2647,59,2972,160,16252
2025-09-13 17:03:22.205298,2636,59,2916,80,16224
2025-09-13 17:03:22.271381,2576,59,2828,164,16356
2025-09-13 17:03:22.341334,2636,59,2804,68,16364
2025-09-13 17:03:22.408299,2648,59,2768,68,16352
2025-09-13 17:03:22.475298,2631,59,2864,28,16172
2025-09-13 17:03:22.555474,2636,59,2828,168,16256
2025-09-13 17:03:22.622798,2637,59,2824,128,16240
2025-09-13 17:03:22.689871,2639,59,2752,164,16348
2025-09-13 17:03:22.755796,2639,59,2876,92,16284
2025-09-13 17:03:22.821797,2635,59,2944,156,16240
2025-09-13 17:03:22.887797,2638,59,2860,112,16052
2025-09-13 17:03:22.955880,2628,59,2792,0,16304
2025-09-13 17:03:23.022307,2636,59,2932,4,16320
2025-09-13 17:03:23.090308,2631,59,2984,192,16120
2025-09-13 17:03:23.158306,2632,59,2948,348,16320
2025-09-13 17:03:23.227188,2647,59,2756,260,16292
2025-09-13 17:03:23.294868,2629,59,2656,72,16164
2025-09-13 17:03:23.362943,2636,59,2732,65452,16156
2025-09-13 17:03:23.428381,2636,59,2900,65512,16220
2025-09-13 17:03:23.511779,2635,59,2992,52,16308
2025-09-13 17:03:23.579780,2641,59,2764,264,16312
2025-09-13 17:03:23.646779,2618,59,2856,216,16272
2025-09-13 17:03:23.715780,2643,59,2936,108,16312
2025-09-13 17:03:23.782780,2633,59,3044,108,16204
2025-09-13 17:03:23.852780,2637,59,2832,32,16276
2025-09-13 17:03:23.917779,2637,59,2768,65528,16300
2025-09-13 17:03:23.983780,2637,59,3032,96,16172
2025-09-13 17:03:24.052022,2636,59,3068,200,16256
2025-09-13 17:03:24.116941,2637,59,2892,212,16280
2025-09-13 17:03:24.185940,2636,59,2780,80,16392
2025-09-13 17:03:24.253939,2629,59,2900,132,16196
2025-09-13 17:03:24.320940,2637,59,2952,80,16080
2025-09-13 17:03:24.385579,2638,59,2968,44,16232
2025-09-13 17:03:24.452668,2643,59,2992,48,16280
2025-09-13 17:03:24.530578,2647,59,2900,324,16352
2025-09-13 17:03:24.597580,2639,59,2756,156,16116
2025-09-13 17:03:24.661578,2647,59,2988,65444,16248
2025-09-13 17:03:24.729578,2637,59,2956,132,16244
2025-09-13 17:03:24.801074,2638,59,2868,228,16220
2025-09-13 17:03:24.874786,2637,59,2844,292,16100
2025-09-13 17:03:24.943785,2628,59,2952,156,16276
2025-09-13 17:03:25.012276,2643,59,2980,60,16240
2025-09-13 17:03:25.077862,2636,59,3004,44,16104
2025-09-13 17:03:25.143643,2628,59,2984,128,16404
2025-09-13 17:03:25.209875,2647,59,2900,212,16192
2025-09-13 17:03:25.280311,2637,59,2920,136,16272
2025-09-13 17:03:25.355348,2639,59,2928,176,16256
2025-09-13 17:03:25.432814,2645,59,2860,132,16192
2025-09-13 17:03:25.502226,2638,59,2848,128,16216
2025-09-13 17:03:25.582316,2644,59,2808,140,16288
2025-09-13 17:03:25.647562,2636,59,3128,112,16236
2025-09-13 17:03:25.712950,2639,59,2976,292,16260
2025-09-13 17:03:25.775950,2648,59,2888,200,16064
2025-09-13 17:03:25.839039,2632,59,2820,60,16308
2025-09-13 17:03:25.905383,2638,59,3032,65512,16272
2025-09-13 17:03:25.970505,2637,59,3124,96,16088
2025-09-13 17:03:26.038867,2655,59,2992,148,16280
2025-09-13 17:03:26.104645,2626,59,2808,180,16428
2025-09-13 17:03:26.170658,2638,59,2764,148,16300
2025-09-13 17:03:26.237126,2639,59,2820,92,16208
2025-09-13 17:03:26.304346,2636,59,2820,80,16140
2025-09-13 17:03:26.369344,2641,59,2844,156,16336
2025-09-13 17:03:26.439492,2636,59,2940,116,16292
2025-09-13 17:03:26.508054,2633,59,3144,240,16280
2025-09-13 17:03:26.587386,2647,59,2904,36,16272
2025-09-13 17:03:26.651041,2635,59,2920,92,16280
2025-09-13 17:03:26.717026,2634,59,2800,256,16124
2025-09-13 17:03:26.780031,2636,59,2840,156,16220
2025-09-13 17:03:26.844713,2628,59,2960,216,16276
2025-09-13 17:03:26.912707,2639,59,2844,216,16164
2025-09-13 17:03:26.978587,2646,59,2912,128,16392
2025-09-13 17:03:27.042756,2640,59,2820,96,16140
2025-09-13 17:03:27.111238,2628,59,2968,65512,16316
2025-09-13 17:03:27.176321,2638,59,3116,176,16196
2025-09-13 17:03:27.243325,2637,59,3184,88,16172
2025-09-13 17:03:27.312372,2633,59,3024,172,16320
2025-09-13 17:03:27.379247,2636,59,2900,128,16340
2025-09-13 17:03:27.447923,2637,59,2828,176,16172
2025-09-13 17:03:27.530992,2644,59,2676,180,16236
2025-09-13 17:03:27.595015,2638,59,2812,180,16272
2025-09-13 17:03:27.660602,2634,59,2764,208,16276
2025-09-13 17:03:27.725922,2639,59,2836,44,16152
2025-09-13 17:03:27.793448,2644,59,2916,104,16184
2025-09-13 17:03:27.859133,2635,59,3052,32,16316
2025-09-13 17:03:27.923132,2636,59,3228,32,16296
2025-09-13 17:03:27.996275,2632,59,3212,120,16016
2025-09-13 17:03:28.068810,2636,59,3072,64,16356
2025-09-13 17:03:28.141082,2608,59,2852,168,16212
2025-09-13 17:03:28.208665,2636,59,2724,196,16316
2025-09-13 17:03:28.274923,2636,59,2620,76,16276
2025-09-13 17:03:28.338789,2634,59,2588,120,16188
2025-09-13 17:03:28.401795,2637,59,2736,92,16312
2025-09-13 17:03:28.470795,2629,59,2888,140,16188
2025-09-13 17:03:28.550815,2647,59,3060,132,16220
2025-09-13 17:03:28.618512,2634,59,3120,160,16224
2025-09-13 17:03:28.684724,2632,59,3256,108,16276
2025-09-13 17:03:28.750685,2629,59,3212,120,16344
2025-09-13 17:03:28.817429,2634,59,3116,124,16228
2025-09-13 17:03:28.883435,2639,59,2940,152,16188
2025-09-13 17:03:28.948096,2633,59,2712,192,16256
2025-09-13 17:03:29.012304,2633,59,2708,236,16240
2025-09-13 17:03:29.078142,2629,59,2576,188,16304
2025-09-13 17:03:29.144058,2624,59,2536,96,16392
2025-09-13 17:03:29.210309,2636,59,2756,188,16300
2025-09-13 17:03:29.276746,2636,59,2952,196,16384
2025-09-13 17:03:29.342846,2646,59,3172,44,16252
2025-09-13 17:03:29.409236,2634,59,3176,192,16040
2025-09-13 17:03:29.475934,2636,59,3216,120,16172
2025-09-13 17:03:29.555124,2640,59,3248,0,16128
2025-09-13 17:03:29.622520,2638,59,3188,36,16228
2025-09-13 17:03:29.688425,2648,59,3060,192,16300
2025-09-13 17:03:29.750855,2635,59,2740,192,16228
2025-09-13 17:03:29.816866,2649,59,2632,136,16356
2025-09-13 17:03:29.881520,2640,59,2700,112,16360
2025-09-13 17:03:29.947521,2644,59,2740,68,16260
2025-09-13 17:03:30.013099,2641,59,2844,196,16244
2025-09-13 17:03:30.078913,2632,59,2752,84,16176
2025-09-13 17:03:30.143913,2646,59,2864,100,16204
2025-09-13 17:03:30.210581,2636,59,3000,104,16280
2025-09-13 17:03:30.275660,2636,59,3064,124,16340
2025-09-13 17:03:30.341328,2635,59,2888,132,16224
2025-09-13 17:03:30.408329,2644,59,2932,108,16252
2025-09-13 17:03:30.472419,2637,59,2864,140,16172
2025-09-13 17:03:30.550762,2633,59,2968,96,16248
2025-09-13 17:03:30.617185,2635,59,3052,204,16232
2025-09-13 17:03:30.682171,2637,59,3052,92,16252
2025-09-13 17:03:30.748092,2635,59,2932,96,16272
2025-09-13 17:03:30.814857,2636,59,2796,20,16280
2025-09-13 17:03:30.880856,2622,59,2932,136,16200
2025-09-13 17:03:30.946857,2647,59,3016,124,16220
2025-09-13 17:03:31.011856,2633,59,2864,92,16152
2025-09-13 17:03:31.076289,2638,59,2984,108,16296
2025-09-13 17:03:31.140752,2636,59,3040,140,16364
2025-09-13 17:03:31.207603,2635,59,3036,128,16184
2025-09-13 17:03:31.271610,2639,59,2760,88,16268
2025-09-13 17:03:31.339609,2610,59,2908,148,16328
2025-09-13 17:03:31.407608,2634,59,2976,180,16256
2025-09-13 17:03:31.489341,2648,59,2944,156,16364
2025-09-13 17:03:31.554281,2640,59,2956,112,16204
2025-09-13 17:03:31.619323,2638,59,2960,124,16284
2025-09-13 17:03:31.685371,2637,59,2864,192,16160
2025-09-13 17:03:31.752140,2640,59,2948,72,16304
2025-09-13 17:03:31.817552,2628,59,3092,148,16288
2025-09-13 17:03:31.880638,2635,59,2980,112,16120
2025-09-13 17:03:31.944553,2647,59,2936,184,16192
2025-09-13 17:03:32.011020,2639,59,3028,4,16344
2025-09-13 17:03:32.074215,2634,59,2996,92,16316
2025-09-13 17:03:32.141216,2631,59,2856,204,16316
2025-09-13 17:03:32.208575,2636,59,2884,128,16304
2025-09-13 17:03:32.275851,2639,59,2940,140,16440
2025-09-13 17:03:32.341982,2650,62,2924,152,16168
2025-09-13 17:03:32.410865,2637,62,2948,76,16228
2025-09-13 17:03:32.493823,2647,62,2952,120,16260
2025-09-13 17:03:32.559861,2647,62,3016,52,16256
2025-09-13 17:03:32.628823,2637,62,3016,132,16208
2025-09-13 17:03:32.701910,2636,62,3056,100,16292
2025-09-13 17:03:32.771831,2647,62,2980,104,16208
2025-09-13 17:03:32.845848,2642,62,2976,72,16228
2025-09-13 17:03:32.909823,2634,62,2892,44,16284
2025-09-13 17:03:32.975823,2634,62,2932,60,16280
2025-09-13 17:03:33.040822,2641,62,2908,172,16256
2025-09-13 17:03:33.108335,2634,62,2984,148,16360
2025-09-13 17:03:33.174335,2632,62,2952,164,16212
2025-09-13 17:03:33.237418,2631,62,2948,132,16232
2025-09-13 17:03:33.308144,2636,62,3024,96,16212
2025-09-13 17:03:33.375808,2636,62,2984,52,16180
2025-09-13 17:03:33.444467,2640,62,2936,116,16140
2025-09-13 17:03:33.525467,2639,62,3020,152,16064
2025-09-13 17:03:33.591465,2639,62,3032,128,16156
2025-09-13 17:03:33.660083,2633,62,2900,100,16304
2025-09-13 17:03:33.726767,2635,62,3040,144,16184
2025-09-13 17:03:33.795909,2629,62,3028,172,16156
2025-09-13 17:03:33.861907,2635,62,3028,104,16280
2025-09-13 17:03:33.927822,2634,62,3052,136,16072
2025-09-13 17:03:33.993879,2629,62,2932,212,16196
2025-09-13 17:03:34.059463,2639,62,2948,188,16304
2025-09-13 17:03:34.124508,2649,62,2916,164,16212
2025-09-13 17:03:34.189464,2644,62,2964,164,16260
2025-09-13 17:03:34.254463,2639,62,3064,24,16312
2025-09-13 17:03:34.319699,2647,62,2996,96,16232
2025-09-13 17:03:34.387173,2642,62,2956,140,16316
2025-09-13 17:03:34.452767,2620,62,3000,244,16260
2025-09-13 17:03:34.530433,2640,62,2968,176,16288
2025-09-13 17:03:34.596386,2638,62,2988,112,16328
2025-09-13 17:03:34.662384,2632,62,3048,92,16192
2025-09-13 17:03:34.727385,2629,62,3020,40,16200
2025-09-13 17:03:34.793103,2634,62,3128,88,16144
2025-09-13 17:03:34.857136,2638,62,3012,96,16212
2025-09-13 17:03:34.924730,2636,62,2904,128,16204
2025-09-13 17:03:34.989729,2631,62,3092,224,16216
2025-09-13 17:03:35.053733,2634,62,2928,212,16312
2025-09-13 17:03:35.119071,2643,62,3012,144,16192
2025-09-13 17:03:35.185387,2633,62,2984,124,16132
2025-09-13 17:03:35.250822,2636,62,3100,40,16220
2025-09-13 17:03:35.316072,2647,62,3124,108,16216
2025-09-13 17:03:35.384338,2635,62,3044,148,16260
2025-09-13 17:03:35.465345,2636,62,3080,68,16280
2025-09-13 17:03:35.529135,2647,62,3076,140,16172
2025-09-13 17:03:35.596068,2638,62,3068,92,16248
2025-09-13 17:03:35.660563,2635,62,3068,92,16376
2025-09-13 17:03:35.725938,2636,62,3008,65528,16272
2025-09-13 17:03:35.790648,2640,62,3012,28,16344
2025-09-13 17:03:35.856470,2630,62,3068,40,16252
2025-09-13 17:03:35.920476,2638,62,3052,92,16224
2025-09-13 17:03:35.985507,2608,62,3020,128,16228
2025-09-13 17:03:36.051702,2627,62,3064,148,16276
2025-09-13 17:03:36.117006,2636,62,2936,64,16072
2025-09-13 17:03:36.183209,2632,62,3008,65528,16300
2025-09-13 17:03:36.248330,2618,62,3016,76,16396
2025-09-13 17:03:36.314845,2647,62,3008,228,16104
2025-09-13 17:03:36.380385,2637,62,3084,116,16048
2025-09-13 17:03:36.459667,2639,62,3140,96,16288
2025-09-13 17:03:36.525818,2634,62,3112,112,16196
2025-09-13 17:03:36.589769,2637,62,3168,96,16280
2025-09-13 17:03:36.655133,2637,62,3128,28,16124
2025-09-13 17:03:36.719034,2648,62,3040,65520,16184
2025-09-13 17:03:36.784027,2635,62,3076,92,16228
2025-09-13 17:03:36.847513,2647,62,3028,184,16252
2025-09-13 17:03:36.911806,2647,62,3048,196,16344
2025-09-13 17:03:36.977482,2625,62,3092,52,16088
2025-09-13 17:03:37.042562,2650,62,3052,136,16056
2025-09-13 17:03:37.108290,2637,62,3024,96,16164
2025-09-13 17:03:37.175809,2647,62,2992,128,16396
2025-09-13 17:03:37.240812,2635,62,3032,152,16168
2025-09-13 17:03:37.305092,2636,62,2984,140,16292
2025-09-13 17:03:37.370098,2639,62,3052,96,16220
2025-09-13 17:03:37.447476,2637,62,3020,116,16148
2025-09-13 17:03:37.511018,2642,62,2988,112,16284
2025-09-13 17:03:37.578459,2630,62,3076,212,16148
2025-09-13 17:03:37.645301,2651,62,3148,156,16276
2025-09-13 17:03:37.709266,2608,62,3052,64,16140
2025-09-13 17:03:37.772274,2634,62,3072,196,16204
2025-09-13 17:03:37.838016,2647,62,2940,236,16172
2025-09-13 17:03:37.902963,2634,62,3072,140,16380
2025-09-13 17:03:37.968992,2638,62,3140,132,16148
2025-09-13 17:03:38.032991,2639,62,2996,212,16252
2025-09-13 17:03:38.098187,2640,62,3052,112,16048
2025-09-13 17:03:38.165277,2637,62,3164,120,16108
2025-09-13 17:03:38.230966,2637,62,3044,80,16320
2025-09-13 17:03:38.296544,2637,62,3032,164,16284
2025-09-13 17:03:38.365089,2633,62,3060,156,16284
2025-09-13 17:03:38.445377,2637,62,3084,0,16260
2025-09-13 17:03:38.510800,2641,62,3040,32,16104
2025-09-13 17:03:38.574913,2635,62,2968,156,16156
2025-09-13 17:03:38.641918,2630,62,3012,36,16100
2025-09-13 17:03:38.707758,2628,62,2984,180,16292
2025-09-13 17:03:38.771761,2647,62,3080,172,16120
2025-09-13 17:03:38.836760,2634,62,3100,164,16184
2025-09-13 17:03:38.904642,2643,62,3052,72,16180
2025-09-13 17:03:38.967745,2628,62,3160,196,16068
2025-09-13 17:03:39.036680,2624,62,3108,32,16236
2025-09-13 17:03:39.104585,2637,62,2968,64,16200
2025-09-13 17:03:39.172007,2636,62,3156,148,16280
2025-09-13 17:03:39.237873,2637,62,3044,108,16224
2025-09-13 17:03:39.304308,2637,62,3104,88,16276
2025-09-13 17:03:39.381323,2624,62,3100,8,16044
2025-09-13 17:03:39.447324,2637,62,3152,52,16276
2025-09-13 17:03:39.512323,2651,62,3080,84,16160
2025-09-13 17:03:39.578322,2636,62,3072,132,16156
2025-09-13 17:03:39.643323,2628,62,3100,152,16236
2025-09-13 17:03:39.709408,2639,62,3116,44,16228
2025-09-13 17:03:39.774592,2636,62,3000,140,16072
2025-09-13 17:03:39.839476,2634,62,3120,128,16256
2025-09-13 17:03:39.903989,2633,62,2952,160,16176
2025-09-13 17:03:39.968952,2643,62,3116,216,16104
2025-09-13 17:03:40.032608,2638,62,3136,164,16248
2025-09-13 17:03:40.100609,2638,62,3040,36,16128
2025-09-13 17:03:40.167469,2639,62,3076,32,16280
2025-09-13 17:03:40.233617,2647,62,3104,128,16136
2025-09-13 17:03:40.300614,2628,62,2948,4,16256
2025-09-13 17:03:40.383752,2675,62,3016,40,16192
2025-09-13 17:03:40.449751,2636,62,3092,65532,16280
2025-09-13 17:03:40.515772,2636,62,3140,152,16136
2025-09-13 17:03:40.581177,2639,62,3048,84,16308
2025-09-13 17:03:40.648079,2640,62,3136,168,16208
2025-09-13 17:03:40.711103,2626,62,3184,76,16224
2025-09-13 17:03:40.774247,2649,62,3084,104,16168
2025-09-13 17:03:40.838848,2635,62,3088,76,16216
2025-09-13 17:03:40.908034,2628,62,2956,120,16268
2025-09-13 17:03:40.973139,2637,62,3084,88,16304
2025-09-13 17:03:41.038920,2636,62,3092,128,16220
2025-09-13 17:03:41.104906,2634,62,3024,136,16164
2025-09-13 17:03:41.166912,2640,62,3008,184,16092
2025-09-13 17:03:41.235049,2628,62,3088,96,16172
2025-09-13 17:03:41.301382,2639,62,3076,68,16228
2025-09-13 17:03:41.381734,2637,62,3036,56,16280
2025-09-13 17:03:41.446932,2639,62,3076,60,16160
2025-09-13 17:03:41.513531,2647,62,3028,80,16388
2025-09-13 17:03:41.577242,2637,62,2944,120,16156
2025-09-13 17:03:41.642239,2636,62,3064,68,16228
2025-09-13 17:03:41.707903,2638,62,3164,180,16176
2025-09-13 17:03:41.772991,2634,62,3040,140,16168
2025-09-13 17:03:41.837917,2637,62,3032,132,16272
2025-09-13 17:03:41.904180,2633,62,3104,132,16300
2025-09-13 17:03:41.969843,2636,62,3200,112,16228
2025-09-13 17:03:42.035506,2636,62,3024,136,16344
2025-09-13 17:03:42.100630,2640,62,3068,104,16340
2025-09-13 17:03:42.164697,2637,62,3048,88,16292
2025-09-13 17:03:42.229004,2637,62,3068,24,16264
2025-09-13 17:03:42.293004,2632,62,3060,104,16144
2025-09-13 17:03:42.374449,2643,59,3044,120,16264
2025-09-13 17:03:42.441176,2643,59,3108,128,16152
2025-09-13 17:03:42.505996,2608,59,3160,212,16188
2025-09-13 17:03:42.570421,2637,59,3140,96,16172
2025-09-13 17:03:42.634099,2637,59,3132,88,16236
2025-09-13 17:03:42.699831,2638,59,3088,180,16192
2025-09-13 17:03:42.764464,2645,59,3044,52,16296
2025-09-13 17:03:42.830626,2635,59,3080,168,16144
2025-09-13 17:03:42.894532,2633,59,3160,84,16260
2025-09-13 17:03:42.959734,2628,59,3152,136,16248
2025-09-13 17:03:43.024746,2639,59,3128,84,16232
2025-09-13 17:03:43.089735,2634,59,3032,140,16280
2025-09-13 17:03:43.154227,2636,59,3160,140,16176
2025-09-13 17:03:43.217972,2636,59,3104,120,16244
2025-09-13 17:03:43.299494,2637,59,3160,56,16228
2025-09-13 17:03:43.361879,2637,59,3168,112,16152
2025-09-13 17:03:43.423879,2644,59,2992,136,16216
2025-09-13 17:03:43.487327,2645,59,3180,124,16244
2025-09-13 17:03:43.553612,2610,59,3128,4,16188
2025-09-13 17:03:43.619796,2639,59,3144,12,16200
2025-09-13 17:03:43.683509,2639,59,3120,36,16264
2025-09-13 17:03:43.749646,2636,59,3128,108,16168
2025-09-13 17:03:43.820789,2659,59,3096,132,16292
2025-09-13 17:03:43.886902,2647,59,3220,208,16184
2025-09-13 17:03:43.953913,2649,59,3196,72,16144
2025-09-13 17:03:44.018316,2653,59,3076,148,16164
2025-09-13 17:03:44.084755,2628,59,2992,104,16228
2025-09-13 17:03:44.150162,2638,59,3100,16,16224
2025-09-13 17:03:44.215992,2639,59,3116,92,16080
2025-09-13 17:03:44.299340,2643,59,3084,124,16176
2025-09-13 17:03:44.365055,2635,59,3100,176,16224
2025-09-13 17:03:44.432054,2646,59,3104,184,16260
2025-09-13 17:03:44.496888,2630,59,3064,112,16264
2025-09-13 17:03:44.562983,2636,59,3204,8,16212
2025-09-13 17:03:44.631207,2647,59,3044,108,16172
2025-09-13 17:03:44.699593,2638,59,3140,112,16260
2025-09-13 17:03:44.764798,2628,59,3064,136,16260
2025-09-13 17:03:44.832503,2613,59,3140,68,16260
2025-09-13 17:03:44.898068,2648,59,3024,64,16248
2025-09-13 17:03:44.965650,2637,59,3096,160,16172
2025-09-13 17:03:45.031035,2628,59,3064,160,16228
2025-09-13 17:03:45.098160,2612,59,3028,48,16208
2025-09-13 17:03:45.164035,2639,59,3152,104,16136
2025-09-13 17:03:45.228304,2633,59,3036,72,16280
2025-09-13 17:03:45.309577,2637,59,3032,160,16216
2025-09-13 17:03:45.376246,2634,59,3180,120,16188
2025-09-13 17:03:45.444291,2626,59,3104,88,16280
2025-09-13 17:03:45.510487,2639,59,3132,192,16260
2025-09-13 17:03:45.576441,2636,59,3072,80,16204
2025-09-13 17:03:45.641769,2649,59,3012,116,16232
2025-09-13 17:03:45.708986,2640,59,3092,180,16104
2025-09-13 17:03:45.775208,2637,59,3152,92,16188
2025-09-13 17:03:45.839337,2636,59,3168,172,16244
2025-09-13 17:03:45.906558,2633,59,2988,156,16280
2025-09-13 17:03:45.973702,2649,59,2996,84,16256
2025-09-13 17:03:46.039970,2639,59,3084,104,16124
2025-09-13 17:03:46.104971,2638,59,3180,20,16212
2025-09-13 17:03:46.168970,2650,59,3116,192,16236
2025-09-13 17:03:46.235970,2634,59,3084,104,16208
2025-09-13 17:03:46.327481,2637,59,3028,124,16236
2025-09-13 17:03:46.399870,2636,59,2896,192,16300
2025-09-13 17:03:46.475926,2634,59,3056,108,16264
2025-09-13 17:03:46.554784,2637,59,3060,132,16232
2025-09-13 17:03:46.633677,2641,59,3072,148,16216
2025-09-13 17:03:46.718491,2650,59,3092,136,16280
2025-09-13 17:03:46.795584,2634,59,3120,104,16240
2025-09-13 17:03:46.874325,2647,59,3084,152,16304
2025-09-13 17:03:46.943314,2647,59,3072,52,16352
2025-09-13 17:03:47.013341,2636,59,3068,144,16248
2025-09-13 17:03:47.082060,2643,59,3044,48,16304
2025-09-13 17:03:47.153182,2653,59,3128,108,16380
2025-09-13 17:03:47.227182,2637,59,3116,65524,16276
2025-09-13 17:03:47.296623,2644,59,3076,156,16196
2025-09-13 17:03:47.483753,2636,59,3092,28,16240
2025-09-13 17:03:47.550974,2637,59,3040,96,16196
2025-09-13 17:03:47.615910,2635,59,3048,40,16216
2025-09-13 17:03:47.681909,2637,59,3084,64,16376
2025-09-13 17:03:47.755648,2608,59,3020,204,16208
2025-09-13 17:03:47.823839,2637,59,3072,32,16244
2025-09-13 17:03:47.890571,2608,59,3088,72,16148
2025-09-13 17:03:47.955393,2636,59,3160,160,16240
2025-09-13 17:03:48.023229,2636,59,3024,56,16216
2025-09-13 17:03:48.091041,2636,59,2976,65528,16168
2025-09-13 17:03:48.157487,2647,59,3160,128,16124
2025-09-13 17:03:48.224704,2632,59,3252,92,16216
2025-09-13 17:03:48.291793,2648,59,3092,152,16232
2025-09-13 17:03:48.355802,2627,59,3136,32,16136
2025-09-13 17:03:48.421812,2628,59,3028,96,16148
2025-09-13 17:03:48.502176,2636,59,3112,60,16076
2025-09-13 17:03:48.564175,2641,59,3128,136,16184
2025-09-13 17:03:48.630273,2609,59,3136,72,16200
2025-09-13 17:03:48.695408,2647,59,3020,68,16340
2025-09-13 17:03:48.761478,2628,59,3136,40,16120
2025-09-13 17:03:48.825757,2648,59,3152,176,16232
2025-09-13 17:03:48.890180,2633,59,3148,36,16080
2025-09-13 17:03:48.955667,2637,59,3024,156,16196
2025-09-13 17:03:49.020077,2629,59,3060,96,16192
2025-09-13 17:03:49.085692,2647,59,3192,100,16132
2025-09-13 17:03:49.150103,2634,59,3184,52,16320
2025-09-13 17:03:49.217224,2647,59,3188,156,16176
2025-09-13 17:03:49.283586,2638,59,3136,104,16096
2025-09-13 17:03:49.349340,2647,59,2964,236,16256
2025-09-13 17:03:49.413345,2634,59,3176,136,16152
2025-09-13 17:03:49.492858,2640,59,3080,176,16256
2025-09-13 17:03:49.559339,2647,59,3176,140,16256
2025-09-13 17:03:49.626429,2624,59,3044,56,16280
2025-09-13 17:03:49.693436,2639,59,3028,152,16292
2025-09-13 17:03:49.760440,2640,59,2952,136,16292
2025-09-13 17:03:49.826940,2647,59,3188,140,16228
2025-09-13 17:03:49.891946,2630,59,3108,65532,16188
2025-09-13 17:03:49.956500,2639,59,2912,68,16168
2025-09-13 17:03:50.022354,2639,59,3048,60,16216
2025-09-13 17:03:50.087598,2639,59,3092,60,16268
2025-09-13 17:03:50.153603,2640,59,3072,156,16212
2025-09-13 17:03:50.217874,2632,59,3096,196,16188
2025-09-13 17:03:50.288721,2641,59,3124,68,16156
2025-09-13 17:03:50.354339,2639,59,3116,168,16352
2025-09-13 17:03:50.419042,2637,59,2964,80,16176
2025-09-13 17:03:50.497797,2632,59,3112,96,16240
2025-09-13 17:03:50.562029,2638,59,3044,60,16188
2025-09-13 17:03:50.627716,2629,59,3128,232,16376
2025-09-13 17:03:50.691396,2637,59,3124,72,16172
2025-09-13 17:03:50.754863,2639,59,3072,112,16272
2025-09-13 17:03:50.821380,2641,59,2984,140,16220
2025-09-13 17:03:50.887993,2639,59,3160,116,16172
2025-09-13 17:03:50.953688,2632,59,3148,52,16320
2025-09-13 17:03:51.018632,2641,59,3092,104,16152
2025-09-13 17:03:51.083998,2637,59,3112,196,16280
2025-09-13 17:03:51.148106,2639,59,3068,88,16252
2025-09-13 17:03:51.213221,2634,59,3020,124,16176
2025-09-13 17:03:51.278554,2636,59,3120,116,16168
2025-09-13 17:03:51.343640,2641,59,3160,148,16188
2025-09-13 17:03:51.423560,2676,59,3072,124,16216
2025-09-13 17:03:51.488626,2639,59,3068,36,16120
2025-09-13 17:03:51.551708,2634,59,3176,120,16100
2025-09-13 17:03:51.615717,2617,59,3176,156,16240
2025-09-13 17:03:51.682708,2641,59,3132,128,16128
2025-09-13 17:03:51.748608,2637,59,3092,80,16184
2025-09-13 17:03:51.812613,2639,59,3076,184,16176
2025-09-13 17:03:51.878661,2626,59,3140,180,16160
2025-09-13 17:03:51.943666,2640,59,3072,96,16324
2025-09-13 17:03:52.008918,2635,59,3168,104,16352
2025-09-13 17:03:52.072115,2651,59,3104,204,16280
2025-09-13 17:03:52.136399,2639,59,3140,200,16260
2025-09-13 17:03:52.200624,2648,59,3044,32,16340
2025-09-13 17:03:52.264682,2637,59,3164,28,16268
2025-09-13 17:03:52.329587,2628,59,3104,96,16284
2025-09-13 17:03:52.408807,2610,59,2988,92,16320
2025-09-13 17:03:52.471787,2640,59,3180,96,16224
2025-09-13 17:03:52.536324,2629,59,3144,24,16228
2025-09-13 17:03:52.603413,2636,59,3132,152,16212
2025-09-13 17:03:52.671324,2647,60,3112,88,16100
2025-09-13 17:03:52.734324,2637,60,3004,76,16092
2025-09-13 17:03:52.801386,2640,60,3172,144,16244
2025-09-13 17:03:52.867421,2639,60,3132,88,16180
2025-09-13 17:03:52.935770,2651,60,3108,16,16348
2025-09-13 17:03:53.002856,2636,60,3012,152,16188
2025-09-13 17:03:53.068581,2638,60,3052,104,16200
2025-09-13 17:03:53.133587,2623,60,3172,124,16388
2025-09-13 17:03:53.199123,2636,60,3040,216,16232
2025-09-13 17:03:53.263258,2637,60,3152,156,16188
2025-09-13 17:03:53.327258,2643,60,3144,112,16228
2025-09-13 17:03:53.406309,2642,60,3076,65528,16140
2025-09-13 17:03:53.471522,2624,60,3196,40,16324
2025-09-13 17:03:53.536614,2634,60,3052,100,16192
2025-09-13 17:03:53.600599,2633,60,3160,160,16288
2025-09-13 17:03:53.665599,2647,60,3208,120,16260
2025-09-13 17:03:53.732620,2637,60,3192,152,16108
2025-09-13 17:03:53.797858,2643,60,3068,180,16152
2025-09-13 17:03:53.864612,2637,60,3152,112,16176
2025-09-13 17:03:53.932612,2639,60,3128,164,16328
2025-09-13 17:03:54.001196,2632,60,3096,120,16288
2025-09-13 17:03:54.066985,2624,60,3160,72,16028
2025-09-13 17:03:54.132091,2637,60,3032,96,16232
2025-09-13 17:03:54.202440,2634,60,3120,76,16124
2025-09-13 17:03:54.268101,2644,60,3192,132,16220
2025-09-13 17:03:54.333165,2637,60,3160,180,16188
2025-09-13 17:03:54.414167,2634,60,3064,128,16124
2025-09-13 17:03:54.480301,2639,60,3140,164,16100
2025-09-13 17:03:54.545323,2634,60,3144,32,16176
2025-09-13 17:03:54.608390,2636,60,3112,96,16200
2025-09-13 17:03:54.672559,2641,60,3088,160,16204
2025-09-13 17:03:54.740582,2638,60,2984,120,16252
2025-09-13 17:03:54.805644,2647,60,3212,204,16172
2025-09-13 17:03:54.871455,2679,60,3264,156,16084
2025-09-13 17:03:54.936803,2635,60,3100,204,16292
2025-09-13 17:03:55.003807,2631,60,3044,144,16100
2025-09-13 17:03:55.068251,2632,60,3084,96,16200
2025-09-13 17:03:55.131423,2645,60,3144,84,16220
2025-09-13 17:03:55.199376,2624,60,3180,100,16080
2025-09-13 17:03:55.265393,2641,60,3172,124,16292
2025-09-13 17:03:55.346394,2636,60,3180,144,16128
2025-09-13 17:03:55.410021,2639,60,3196,108,16188
2025-09-13 17:03:55.475803,2639,60,3152,36,16316
2025-09-13 17:03:55.540994,2649,60,3128,116,16212
2025-09-13 17:03:55.609001,2635,60,3148,56,16196
2025-09-13 17:03:55.674987,2634,60,3112,136,16320
2025-09-13 17:03:55.740970,2633,60,3124,24,16140
2025-09-13 17:03:55.809123,2634,60,3176,96,16168
2025-09-13 17:03:55.875879,2635,60,3128,216,16048
2025-09-13 17:03:55.941935,2636,60,3120,188,16188
2025-09-13 17:03:56.008820,2639,60,3124,68,16124
2025-09-13 17:03:56.075056,2633,60,2996,176,16268
2025-09-13 17:03:56.140459,2636,60,3120,116,16244
2025-09-13 17:03:56.205378,2610,60,3188,116,16120
2025-09-13 17:03:56.269590,2637,60,3224,88,16120
2025-09-13 17:03:56.350532,2631,60,3188,56,16268
2025-09-13 17:03:56.417724,2632,60,2996,84,16192
2025-09-13 17:03:56.481925,2637,60,3084,84,16356
2025-09-13 17:03:56.547924,2636,60,3152,136,16264
2025-09-13 17:03:56.612925,2635,60,3192,152,16120
2025-09-13 17:03:56.677527,2630,60,3024,84,16260
2025-09-13 17:03:56.741485,2637,60,3156,120,16052
2025-09-13 17:03:56.806516,2653,60,3140,96,16204
2025-09-13 17:03:56.873030,2634,60,3140,216,16196
2025-09-13 17:03:56.940069,2647,60,3200,108,16216
2025-09-13 17:03:57.006133,2634,60,3164,180,16296
2025-09-13 17:03:57.070964,2639,60,3176,144,16312
2025-09-13 17:03:57.137810,2637,60,3172,120,16320
2025-09-13 17:03:57.204794,2637,60,3128,100,16228
2025-09-13 17:03:57.269751,2639,60,3188,92,16216
2025-09-13 17:03:57.350040,2628,60,3140,112,16164
2025-09-13 17:03:57.419040,2639,60,3144,120,16168
2025-09-13 17:03:57.483474,2632,60,3180,112,16136
2025-09-13 17:03:57.550082,2637,60,3168,96,16140
2025-09-13 17:03:57.618751,2631,60,3196,124,16236
2025-09-13 17:03:57.685750,2641,60,3020,144,16220
2025-09-13 17:03:57.753024,2636,60,3180,16,16144
2025-09-13 17:03:57.820067,2634,60,3080,144,16256
2025-09-13 17:03:57.886481,2647,60,3084,96,16172
2025-09-13 17:03:57.953743,2651,60,3124,112,16120
2025-09-13 17:03:58.019744,2608,60,3124,196,16164
2025-09-13 17:03:58.084785,2637,60,3088,65532,16212
2025-09-13 17:03:58.152791,2651,60,3136,32,16132
2025-09-13 17:03:58.218790,2637,60,3164,24,16236
2025-09-13 17:03:58.284243,2632,60,3144,152,16208
2025-09-13 17:03:58.365239,2638,60,3064,200,16132
2025-09-13 17:03:58.431252,2628,60,3168,104,16104
2025-09-13 17:03:58.495250,2639,60,3172,16,16172
2025-09-13 17:03:58.559908,2666,60,3116,92,16152
2025-09-13 17:03:58.624318,2635,60,3136,128,16264
2025-09-13 17:03:58.690763,2629,60,3236,104,16232
2025-09-13 17:03:58.757819,2647,60,3152,168,16100
2025-09-13 17:03:58.821906,2636,60,3168,64,16168
2025-09-13 17:03:58.886902,2634,60,3124,56,16232
2025-09-13 17:03:58.953796,2637,60,3052,72,16264
2025-09-13 17:03:59.020308,2634,60,3140,56,16168
2025-09-13 17:03:59.086234,2637,60,3284,120,16216
2025-09-13 17:03:59.151386,2639,60,3080,116,16200
2025-09-13 17:03:59.215875,2637,60,3240,92,16212
2025-09-13 17:03:59.296135,2637,60,3060,80,16160
2025-09-13 17:03:59.359537,2638,60,3076,140,16180
2025-09-13 17:03:59.422449,2635,60,3080,80,16252
2025-09-13 17:03:59.487632,2637,60,3188,48,16208
2025-09-13 17:03:59.555702,2636,60,3152,180,16220
2025-09-13 17:03:59.618158,2633,60,3260,136,16192
2025-09-13 17:03:59.683792,2637,60,3236,152,16168
2025-09-13 17:03:59.770792,2638,60,3188,192,16168
2025-09-13 17:03:59.838790,2644,60,3300,52,16184
2025-09-13 17:03:59.904029,2651,60,3140,76,15984
2025-09-13 17:03:59.971104,2640,60,3164,76,16288
2025-09-13 17:04:00.044465,2638,60,3076,112,16036
2025-09-13 17:04:00.110996,2634,60,3132,116,16284
2025-09-13 17:04:00.175802,2637,60,3128,80,16144
2025-09-13 17:04:00.246152,2637,60,3188,84,16072
2025-09-13 17:04:00.325268,2634,60,3084,140,16220
2025-09-13 17:04:00.390268,2636,60,3148,124,16156
2025-09-13 17:04:00.456302,2639,60,3216,76,16308
2025-09-13 17:04:00.521202,2659,60,3136,160,16160
2025-09-13 17:04:00.586433,2641,60,3148,144,16216
2025-09-13 17:04:00.650888,2636,60,3156,140,16228
2025-09-13 17:04:00.714946,2636,60,3128,124,16096
2025-09-13 17:04:00.779788,2639,60,3160,108,16308
2025-09-13 17:04:00.845793,2637,60,3128,148,16108
2025-09-13 17:04:00.914271,2640,60,3128,84,16224
2025-09-13 17:04:00.982272,2637,60,3192,92,16276
2025-09-13 17:04:01.048269,2651,60,3136,76,16240
2025-09-13 17:04:01.115400,2628,60,3156,88,16292
2025-09-13 17:04:01.180489,2636,60,3216,112,16124
2025-09-13 17:04:01.247410,2635,60,3212,108,16172
2025-09-13 17:04:01.326409,2637,60,3148,144,16216
2025-09-13 17:04:01.392321,2624,60,3116,136,16144
2025-09-13 17:04:01.457618,2637,60,3216,120,16148
2025-09-13 17:04:01.521558,2645,60,3180,40,16196
2025-09-13 17:04:01.586312,2632,60,3036,52,16244
2025-09-13 17:04:01.653604,2633,60,3192,128,16236
2025-09-13 17:04:01.721766,2634,60,3220,156,16268
2025-09-13 17:04:01.788176,2637,60,3120,204,16072
2025-09-13 17:04:01.856852,2639,60,3260,8,16220
2025-09-13 17:04:01.922347,2612,60,3228,44,16140
2025-09-13 17:04:01.989425,2637,60,3176,96,16212
2025-09-13 17:04:02.055348,2636,60,3152,96,16256
2025-09-13 17:04:02.120625,2634,60,3200,200,16236
2025-09-13 17:04:02.184976,2639,60,3236,128,16264
2025-09-13 17:04:02.252057,2639,60,3340,104,16344
2025-09-13 17:04:02.330439,2640,60,2996,164,16120
2025-09-13 17:04:02.395255,2634,60,3116,148,16236
2025-09-13 17:04:02.464216,2633,60,3128,132,16252
2025-09-13 17:04:02.530045,2634,60,3228,112,16192
2025-09-13 17:04:02.596051,2637,60,3200,148,16312
2025-09-13 17:04:02.662061,2612,60,3184,124,16224
2025-09-13 17:04:02.728050,2645,60,3184,124,16220
2025-09-13 17:04:02.794053,2639,63,3260,148,16388
2025-09-13 17:04:02.861097,2641,63,3208,96,16052
2025-09-13 17:04:02.926597,2636,63,3184,84,16128
2025-09-13 17:04:02.991514,2647,63,3176,136,16240
2025-09-13 17:04:03.059560,2638,63,3192,156,16204
2025-09-13 17:04:03.126643,2638,63,3192,112,16016
2025-09-13 17:04:03.192808,2636,63,3232,100,16156
2025-09-13 17:04:03.274541,2639,63,3148,108,16116
2025-09-13 17:04:03.340597,2639,63,3100,65520,16168
2025-09-13 17:04:03.407631,2624,63,3192,180,16144
2025-09-13 17:04:03.474093,2634,63,3276,116,16172
2025-09-13 17:04:03.538229,2645,63,3272,120,16200
2025-09-13 17:04:03.605905,2637,63,3252,76,16208
2025-09-13 17:04:03.673954,2637,63,3204,88,16188
2025-09-13 17:04:03.739066,2608,63,3100,124,16184
2025-09-13 17:04:03.806038,2636,63,3188,128,16172
2025-09-13 17:04:03.870491,2637,63,3240,120,16204
2025-09-13 17:04:03.937959,2630,63,3264,96,16172
2025-09-13 17:04:04.006533,2639,63,3164,24,16116
2025-09-13 17:04:04.071611,2639,63,3176,76,16200
2025-09-13 17:04:04.140320,2633,63,3264,140,16052
2025-09-13 17:04:04.210815,2658,63,3344,140,16112
2025-09-13 17:04:04.294963,2639,63,3260,12,16168
2025-09-13 17:04:04.360950,2640,63,3192,140,16120
2025-09-13 17:04:04.425169,2647,63,3076,124,16252
2025-09-13 17:04:04.491220,2641,63,3224,176,16224
2025-09-13 17:04:04.556224,2640,63,3204,92,16216
2025-09-13 17:04:04.623223,2638,63,3248,64,16088
2025-09-13 17:04:04.696245,2624,63,3284,104,16140
2025-09-13 17:04:04.769248,2649,63,3188,72,16220
2025-09-13 17:04:04.835866,2629,63,3132,216,16292
2025-09-13 17:04:04.900669,2636,63,3328,76,16160
2025-09-13 17:04:04.966453,2632,63,3240,80,16176
2025-09-13 17:04:05.032400,2638,63,3164,160,16192
2025-09-13 17:04:05.098488,2636,63,3164,148,16084
2025-09-13 17:04:05.163030,2637,63,3196,88,16204
2025-09-13 17:04:05.230030,2642,63,3252,172,16064
2025-09-13 17:04:05.312462,2612,63,3124,128,16208
2025-09-13 17:04:05.375550,2638,63,3272,128,16244
2025-09-13 17:04:05.440467,2641,63,3240,68,16128
2025-09-13 17:04:05.505648,2647,63,3092,36,16132
2025-09-13 17:04:05.571871,2643,63,3264,16,16136
2025-09-13 17:04:05.636953,2638,63,3260,56,16140
2025-09-13 17:04:05.702918,2638,63,3288,44,16228
2025-09-13 17:04:05.767881,2642,63,3200,160,16236
2025-09-13 17:04:05.833100,2628,63,3164,40,16184
2025-09-13 17:04:05.899100,2634,63,3228,56,16136
2025-09-13 17:04:05.969159,2648,63,3160,28,16320
2025-09-13 17:04:06.034236,2624,63,3244,80,16120
2025-09-13 17:04:06.101047,2632,63,3188,96,16152
2025-09-13 17:04:06.164998,2638,63,3124,80,16176
2025-09-13 17:04:06.232841,2641,63,3200,132,16160
2025-09-13 17:04:06.314370,2608,63,3172,16,16188
2025-09-13 17:04:06.379703,2634,63,3212,60,16276
2025-09-13 17:04:06.443796,2608,63,3228,160,16252
2025-09-13 17:04:06.509790,2614,63,3272,44,16152
2025-09-13 17:04:06.573790,2636,63,3204,140,16168
2025-09-13 17:04:06.641770,2639,63,3236,56,16104
2025-09-13 17:04:06.708313,2637,63,3104,64,16408
2025-09-13 17:04:06.772317,2649,63,3200,80,16252
2025-09-13 17:04:06.839815,2636,63,3208,148,16168
2025-09-13 17:04:06.905745,2634,63,3204,108,16224
2025-09-13 17:04:06.971578,2638,63,3244,184,16256
2025-09-13 17:04:07.037554,2637,63,3260,140,16240
2025-09-13 17:04:07.103638,2636,63,3272,88,16204
2025-09-13 17:04:07.170174,2639,63,3108,96,16092
2025-09-13 17:04:07.251193,2631,63,3064,112,16136
2025-09-13 17:04:07.319975,2628,63,3280,12,16236
2025-09-13 17:04:07.385874,2639,63,3368,64,16228
2025-09-13 17:04:07.449378,2635,63,3224,148,16232
2025-09-13 17:04:07.517076,2642,63,3212,216,16264
2025-09-13 17:04:07.580609,2634,63,3200,148,16152
2025-09-13 17:04:07.649089,2627,63,3308,60,16244
2025-09-13 17:04:07.714224,2623,63,3164,100,16156
2025-09-13 17:04:07.779713,2648,63,3172,72,16176
2025-09-13 17:04:07.846458,2651,63,3168,148,16180
2025-09-13 17:04:07.912362,2647,63,3220,44,16188
2025-09-13 17:04:07.979561,2647,63,3288,44,16172
2025-09-13 17:04:08.046765,2636,63,3316,56,16304
2025-09-13 17:04:08.114765,2637,63,3224,160,16060
2025-09-13 17:04:08.181012,2639,63,3220,116,16224
2025-09-13 17:04:08.264020,2628,63,3240,112,16140
2025-09-13 17:04:08.330063,2643,63,3148,44,16320
2025-09-13 17:04:08.394068,2628,63,3224,176,16132
2025-09-13 17:04:08.460427,2642,63,3248,136,16168
2025-09-13 17:04:08.525289,2636,63,3288,200,16204
2025-09-13 17:04:08.593446,2632,63,3164,136,16176
2025-09-13 17:04:08.663372,2637,63,3252,104,16164
2025-09-13 17:04:08.728456,2641,63,3216,72,16264
2025-09-13 17:04:08.795448,2628,63,3232,108,16088
2025-09-13 17:04:08.861892,2624,63,3292,60,16224
2025-09-13 17:04:08.928896,2636,63,3336,144,16192
2025-09-13 17:04:08.994009,2632,63,3356,48,16244
2025-09-13 17:04:09.061950,2639,63,3240,140,16444
2025-09-13 17:04:09.128764,2638,63,3248,16,16096
2025-09-13 17:04:09.195770,2636,63,3324,56,16244
2025-09-13 17:04:09.273307,2648,63,3180,60,16224
2025-09-13 17:04:09.341308,2636,63,3140,44,16180
2025-09-13 17:04:09.406790,2638,63,3196,56,16168
2025-09-13 17:04:09.472790,2634,63,3244,76,16196
2025-09-13 17:04:09.539221,2637,63,3252,36,16140
2025-09-13 17:04:09.604686,2636,63,3200,4,16268
2025-09-13 17:04:09.669644,2631,63,3276,24,16328
2025-09-13 17:04:09.734367,2638,63,3324,56,16128
2025-09-13 17:04:09.803377,2650,63,3256,188,16264
2025-09-13 17:04:09.872161,2637,63,3160,124,16160
2025-09-13 17:04:09.939316,2637,63,3188,72,16260
2025-09-13 17:04:10.003388,2636,63,3280,20,16248
2025-09-13 17:04:10.070402,2640,63,3360,100,16184
2025-09-13 17:04:10.137316,2637,63,3300,120,16136
2025-09-13 17:04:10.204880,2638,63,3224,64,16172
2025-09-13 17:04:10.285882,2636,63,3168,100,16300
2025-09-13 17:04:10.350902,2637,63,3240,116,16084
2025-09-13 17:04:10.416925,2637,63,3252,76,16184
2025-09-13 17:04:10.481881,2639,63,3424,136,16228
2025-09-13 17:04:10.545880,2634,63,3212,120,16136
2025-09-13 17:04:10.612067,2643,63,3244,108,16252
2025-09-13 17:04:10.679428,2638,63,3304,180,16148
2025-09-13 17:04:10.743433,2611,63,3228,76,16116
2025-09-13 17:04:10.810432,2612,63,3256,120,15992
2025-09-13 17:04:10.878432,2632,63,3228,132,16096
2025-09-13 17:04:10.944633,2629,63,3268,36,16212
2025-09-13 17:04:11.010709,2636,63,3328,72,16184
2025-09-13 17:04:11.077715,2637,63,3188,164,16260
2025-09-13 17:04:11.144420,2634,63,3248,65516,16180
2025-09-13 17:04:11.226817,2634,63,3248,60,16156
2025-09-13 17:04:11.293101,2638,63,3320,88,16152
2025-09-13 17:04:11.357275,2636,63,3180,60,16072
2025-09-13 17:04:11.422285,2679,63,3160,88,16248
2025-09-13 17:04:11.488644,2637,63,3272,28,16240
2025-09-13 17:04:11.552096,2637,63,3228,64,16212
2025-09-13 17:04:11.619767,2634,63,3188,112,16264
2025-09-13 17:04:11.686545,2651,63,3120,48,16372
2025-09-13 17:04:11.751383,2640,63,3172,188,16208
2025-09-13 17:04:11.815070,2639,63,3288,104,16080
2025-09-13 17:04:11.882497,2639,63,3324,120,16212
2025-09-13 17:04:11.950180,2637,63,3244,168,16232
2025-09-13 17:04:12.015320,2635,63,3288,68,16152
2025-09-13 17:04:12.081290,2638,63,3208,36,16172
2025-09-13 17:04:12.149500,2630,63,3264,100,16228
2025-09-13 17:04:12.231033,2634,63,3252,0,16112
2025-09-13 17:04:12.294530,2638,63,3376,44,16304
2025-09-13 17:04:12.358530,2635,63,3324,88,16148
2025-09-13 17:04:12.425609,2636,63,3352,168,16196
2025-09-13 17:04:12.493052,2636,63,3376,104,16036
2025-09-13 17:04:12.559863,2632,63,3212,116,16312
2025-09-13 17:04:12.626465,2635,63,3300,84,16200
2025-09-13 17:04:12.689471,2634,63,3300,65516,16100
2025-09-13 17:04:12.752470,2640,63,3252,65500,16228
2025-09-13 17:04:12.817852,2638,63,3228,80,16040
2025-09-13 17:04:12.887689,2640,63,3300,136,16176
2025-09-13 17:04:12.956411,2639,63,3236,68,16224
2025-09-13 17:04:13.024406,2638,63,3168,112,16124
2025-09-13 17:04:13.095331,2637,63,3292,140,16300
2025-09-13 17:04:13.161909,2649,63,3280,144,16204
2025-09-13 17:04:13.244991,2635,63,3320,156,16152
2025-09-13 17:04:13.311999,2633,63,3336,184,16184
2025-09-13 17:04:13.376365,2640,63,3348,136,16256
2025-09-13 17:04:13.443832,2636,63,3376,76,16100
2025-09-13 17:04:13.511112,2645,63,3364,60,16256
2025-09-13 17:04:13.579582,2648,63,3336,96,16216
2025-09-13 17:04:13.648007,2637,63,3324,48,16168
2025-09-13 17:04:13.715937,2634,63,3204,104,16164
2025-09-13 17:04:13.786244,2641,63,3372,200,16212
2025-09-13 17:04:13.856483,2636,63,3240,104,16156
2025-09-13 17:04:13.925016,2647,63,3388,84,16228
2025-09-13 17:04:13.997357,2637,63,3152,104,16224
2025-09-13 17:04:14.065416,2640,63,3184,124,16156
2025-09-13 17:04:14.132029,2635,63,3280,44,16208
2025-09-13 17:04:14.203178,2637,63,3312,164,16112
2025-09-13 17:04:14.289088,2640,63,3184,168,16120
2025-09-13 17:04:14.363314,2635,63,3188,64,16184
2025-09-13 17:04:14.440611,2632,63,3340,124,16196
2025-09-13 17:04:14.520609,2629,63,3440,284,16192
2025-09-13 17:04:14.597821,2637,63,3240,92,16244
2025-09-13 17:04:14.676369,2651,63,3220,96,16180
2025-09-13 17:04:14.758658,2638,63,3372,108,16196
2025-09-13 17:04:14.832661,2640,63,3296,156,16108
2025-09-13 17:04:14.906092,2637,63,3180,112,15976
2025-09-13 17:04:14.977009,2649,63,3192,120,16008
2025-09-13 17:04:15.044090,2651,63,3268,124,16076
2025-09-13 17:04:15.111062,2635,63,3392,140,16136
2025-09-13 17:04:15.190031,2641,63,3288,136,16252
2025-09-13 17:04:15.261237,2639,63,3392,168,16284
2025-09-13 17:04:15.343062,2642,63,3372,148,16168
2025-09-13 17:04:15.411011,2631,63,3372,104,16116
2025-09-13 17:04:15.487258,2636,63,3236,76,16124
2025-09-13 17:04:15.560271,2637,63,3312,116,16348
2025-09-13 17:04:15.635350,2632,63,3276,72,16160
2025-09-13 17:04:15.705779,2640,63,3260,20,16112
2025-09-13 17:04:15.774792,2641,63,3320,144,16120
2025-09-13 17:04:15.842018,2636,63,3360,32,16144
2025-09-13 17:04:15.912954,2636,63,3300,88,16264
2025-09-13 17:04:15.980682,2649,63,3280,72,16140
2025-09-13 17:04:16.046598,2617,63,3292,124,16300
2025-09-13 17:04:16.113519,2624,63,3264,0,16196
2025-09-13 17:04:16.192070,2638,63,3312,128,16216
2025-09-13 17:04:16.270061,2637,63,3384,240,16116
2025-09-13 17:04:16.347019,2637,63,3340,120,16036
2025-09-13 17:04:16.429166,2637,63,3352,112,16188
2025-09-13 17:04:16.494140,2651,63,3256,180,16144
2025-09-13 17:04:16.560159,2628,63,3300,52,16340
2025-09-13 17:04:16.625859,2619,63,3352,124,16120
2025-09-13 17:04:16.692201,2638,63,3400,100,16264
2025-09-13 17:04:16.760572,2632,63,3252,128,16144
2025-09-13 17:04:16.823333,2646,63,3308,144,16096
2025-09-13 17:04:16.890716,2637,63,3368,24,16236
2025-09-13 17:04:16.956977,2628,63,3392,72,16076
2025-09-13 17:04:17.025542,2639,63,3428,40,16172
2025-09-13 17:04:17.106525,2636,63,3180,100,16168
2025-09-13 17:04:17.187932,2637,63,3224,120,16140
2025-09-13 17:04:17.265929,2637,63,3240,124,16104
2025-09-13 17:04:17.336014,2647,63,3312,64,16112
2025-09-13 17:04:17.402982,2637,63,3304,28,16204
2025-09-13 17:04:17.486008,2634,63,3248,68,16168
2025-09-13 17:04:17.550928,2632,63,3212,116,16212
2025-09-13 17:04:17.618780,2630,63,3312,80,16132
2025-09-13 17:04:17.685694,2645,63,3248,164,16184
2025-09-13 17:04:17.751781,2631,63,3212,112,16112
2025-09-13 17:04:17.819402,2637,63,3248,8,16100
2025-09-13 17:04:17.887884,2635,63,3324,208,16108
2025-09-13 17:04:17.952696,2651,63,3400,12,16428
2025-09-13 17:04:18.018161,2628,63,3356,68,16108
2025-09-13 17:04:18.086770,2650,63,3356,172,16252
2025-09-13 17:04:18.153670,2637,63,3264,144,16068
2025-09-13 17:04:18.278162,2639,63,3424,104,16184
2025-09-13 17:04:18.408038,2637,63,3292,136,16184
2025-09-13 17:04:18.514571,2640,63,3304,0,16080
2025-09-13 17:04:18.585579,2647,63,3292,40,16132
2025-09-13 17:04:18.671619,2636,63,3388,164,16196
2025-09-13 17:04:18.739596,2624,63,3376,96,16304
2025-09-13 17:04:18.806625,2635,63,3416,208,16240
2025-09-13 17:04:18.873597,2641,63,3324,172,16236
2025-09-13 17:04:18.942078,2637,63,3372,92,16256
2025-09-13 17:04:19.009713,2637,63,3364,108,16172
2025-09-13 17:04:19.075795,2636,63,3296,32,16164
2025-09-13 17:04:19.142791,2634,63,3352,120,16204
2025-09-13 17:04:19.210721,2650,63,3392,112,16204
2025-09-13 17:04:19.282211,2641,63,3264,56,16168
2025-09-13 17:04:19.351211,2638,63,3404,12,16128
2025-09-13 17:04:19.420339,2637,63,3236,72,16252
2025-09-13 17:04:19.488485,2634,63,3456,88,16316
2025-09-13 17:04:19.553489,2648,63,3372,120,16012
2025-09-13 17:04:19.636504,2640,63,3296,188,16204
2025-09-13 17:04:19.702257,2638,63,3340,140,16160
2025-09-13 17:04:19.766425,2636,63,3372,212,16224
2025-09-13 17:04:19.833197,2632,63,3316,48,16128
2025-09-13 17:04:19.901116,2624,63,3472,164,16072
2025-09-13 17:04:19.968954,2638,63,3356,64,16212
2025-09-13 17:04:20.034114,2635,63,3400,212,15988
2025-09-13 17:04:20.100083,2648,63,3312,136,16232
2025-09-13 17:04:20.167001,2615,63,3388,72,16172
2025-09-13 17:04:20.232994,2628,63,3424,76,16248
2025-09-13 17:04:20.300448,2636,63,3300,88,16252
2025-09-13 17:04:20.366448,2638,63,3364,80,16200
2025-09-13 17:04:20.432656,2635,63,3364,124,16316
2025-09-13 17:04:20.500648,2639,63,3316,80,16216
2025-09-13 17:04:20.567742,2636,63,3356,44,16188
2025-09-13 17:04:20.650943,2633,63,3280,32,16076
2025-09-13 17:04:20.716942,2642,63,3260,116,16236
2025-09-13 17:04:20.784280,2628,63,3288,56,16216
2025-09-13 17:04:20.849615,2634,63,3352,68,16148
2025-09-13 17:04:20.915672,2638,63,3328,132,16256
2025-09-13 17:04:20.981693,2637,63,3372,144,16160
2025-09-13 17:04:21.049157,2640,63,3216,92,16312
2025-09-13 17:04:21.122904,2636,63,3356,112,16232
2025-09-13 17:04:21.191904,2633,63,3264,52,16224
2025-09-13 17:04:21.261169,2634,63,3352,40,16120
2025-09-13 17:04:21.329239,2616,63,3464,36,16080
2025-09-13 17:04:21.398571,2612,63,3368,92,16236
2025-09-13 17:04:21.466969,2639,63,3452,40,16092
2025-09-13 17:04:21.534976,2640,63,3376,72,16084
2025-09-13 17:04:21.603917,2608,63,3232,76,16428
2025-09-13 17:04:21.683648,2636,63,3332,65520,16176
2025-09-13 17:04:21.747724,2636,63,3412,128,16196
2025-09-13 17:04:21.813655,2640,63,3292,84,16096
2025-09-13 17:04:21.877793,2624,63,3240,108,16172
2025-09-13 17:04:21.945435,2651,63,3312,32,16196
2025-09-13 17:04:22.014691,2641,63,3244,64,16324
2025-09-13 17:04:22.081571,2634,63,3380,56,16212
2025-09-13 17:04:22.147333,2636,63,3416,144,16144
2025-09-13 17:04:22.216332,2648,63,3324,48,16164
2025-09-13 17:04:22.283250,2642,63,3248,68,16148
2025-09-13 17:04:22.348377,2636,63,3344,104,16316
2025-09-13 17:04:22.415646,2640,63,3364,140,16084
2025-09-13 17:04:22.480731,2649,63,3324,160,16116
2025-09-13 17:04:22.548635,2629,63,3364,140,16264
2025-09-13 17:04:22.615768,2626,63,3316,128,16092
2025-09-13 17:04:22.695330,2639,63,3292,65492,16208
2025-09-13 17:04:22.761483,2634,63,3312,108,16052
2025-09-13 17:04:22.828486,2628,63,3280,96,16204
2025-09-13 17:04:22.894427,2644,63,3380,124,16060
2025-09-13 17:04:22.965590,2636,63,3380,148,16084
2025-09-13 17:04:23.031142,2640,63,3336,128,16196
2025-09-13 17:04:23.097880,2639,63,3324,128,16136
2025-09-13 17:04:23.180972,2641,63,3336,8,16192
2025-09-13 17:04:23.412201,2639,63,3360,96,16172
2025-09-13 17:04:23.636870,2639,63,3420,124,16064
2025-09-13 17:04:23.865873,2635,63,3376,20,16200
2025-09-13 17:04:24.100732,2643,63,3272,24,16232
2025-09-13 17:04:24.324732,2635,63,3312,40,16148
2025-09-13 17:04:24.549729,2635,67,3316,52,16132
2025-09-13 17:04:24.790143,2636,67,3312,196,16124
2025-09-13 17:04:25.017515,2638,67,3404,48,16264
2025-09-13 17:04:25.207437,2640,67,3324,65492,16140
2025-09-13 17:04:25.425567,2652,67,3396,65468,16140
2025-09-13 17:04:25.655637,2638,67,3360,88,16036
2025-09-13 17:04:25.875643,2639,67,3428,20,16240
2025-09-13 17:04:26.108041,2643,67,3388,72,16168
2025-09-13 17:04:26.345051,2639,67,3188,12,16196
2025-09-13 17:04:26.570737,2635,67,3408,80,16160
2025-09-13 17:04:26.801760,2642,67,3304,140,16224
2025-09-13 17:04:27.047534,2637,67,3372,64,16136
2025-09-13 17:04:27.286519,2610,67,3352,176,16172
2025-09-13 17:04:27.523439,2638,67,3424,96,16100
2025-09-13 17:04:27.762222,2640,67,3336,48,15976
2025-09-13 17:04:27.981223,2636,67,3272,56,16128
2025-09-13 17:04:28.250222,2648,67,3312,88,16084
2025-09-13 17:04:28.488855,2637,67,3452,72,16064
2025-09-13 17:04:28.732850,2638,67,3376,52,16096
2025-09-13 17:04:28.973521,2635,67,3284,60,16204
2025-09-13 17:04:29.205528,2626,67,3312,104,16096
2025-09-13 17:04:29.426543,2635,67,3312,0,16120
2025-09-13 17:04:29.654552,2637,67,3264,16,16080
2025-09-13 17:04:29.882540,2626,67,3416,8,16136
2025-09-13 17:04:30.114546,2636,67,3272,92,16300
2025-09-13 17:04:30.341544,2637,67,3332,84,16172
2025-09-13 17:04:30.559544,2637,67,3288,60,16156
2025-09-13 17:04:30.786829,2635,67,3404,92,16008
2025-09-13 17:04:31.023820,2636,67,3396,132,16220
2025-09-13 17:04:31.255835,2648,67,3440,216,16204
2025-09-13 17:04:31.491826,2635,67,3344,112,15980
2025-09-13 17:04:31.761505,2629,67,3368,108,16116
2025-09-13 17:04:31.978514,2635,67,3452,8,16180
2025-09-13 17:04:32.204522,2631,67,3332,65512,16264
2025-09-13 17:04:32.446515,2637,67,3396,4,16312
2025-09-13 17:04:32.695515,2649,67,3448,80,16128
2025-09-13 17:04:32.923507,2637,67,3420,144,16144
2025-09-13 17:04:33.156715,2632,67,3324,172,16132
2025-09-13 17:04:33.374829,2635,67,3364,84,16120
2025-09-13 17:04:33.609835,2636,67,3428,48,16216
2025-09-13 17:04:33.856825,2644,67,3316,148,16148
2025-09-13 17:04:34.078806,2638,67,3468,224,16236
2025-09-13 17:04:34.317287,2635,67,3356,112,16216
2025-09-13 17:04:34.542158,2632,67,3312,88,16020
2025-09-13 17:04:34.772262,2638,67,3256,68,16116
2025-09-13 17:04:34.998772,2636,67,3404,48,16224
2025-09-13 17:04:35.252687,2637,67,3408,44,16092
2025-09-13 17:04:35.496629,2636,67,3388,20,16188
2025-09-13 17:04:35.722631,2624,67,3300,80,16080
2025-09-13 17:04:35.936140,2635,67,3200,156,16084
2025-09-13 17:04:36.168138,2628,67,3416,108,16292
2025-09-13 17:04:36.382296,2634,67,3428,112,16036
2025-09-13 17:04:36.594806,2638,67,3328,88,16200
2025-09-13 17:04:36.817722,2636,67,3300,112,16160
2025-09-13 17:04:37.039805,2633,67,3296,152,16128
2025-09-13 17:04:37.258499,2639,67,3324,100,16100
2025-09-13 17:04:37.501513,2635,67,3460,104,16148
2025-09-13 17:04:37.754570,2633,67,3356,92,16188
2025-09-13 17:04:38.000148,2637,67,3388,88,15992
2025-09-13 17:04:38.228353,2623,67,3284,0,16216
2025-09-13 17:04:38.467840,2639,67,3240,52,16216
2025-09-13 17:04:38.693970,2637,67,3420,132,16156
2025-09-13 17:04:38.912657,2632,67,3328,36,16128
2025-09-13 17:04:39.142511,2638,67,3352,188,16236
2025-09-13 17:04:39.362510,2608,67,3288,112,16120
2025-09-13 17:04:39.606646,2616,67,3352,88,16152
2025-09-13 17:04:39.843798,2637,67,3412,52,16132
2025-09-13 17:04:40.073295,2621,67,3348,65524,16300
2025-09-13 17:04:40.297290,2636,67,3460,65532,16052
2025-09-13 17:04:40.528295,2638,67,3324,36,16200
2025-09-13 17:04:40.757299,2629,67,3408,136,16228
2025-09-13 17:04:40.985296,2636,67,3356,132,16124
2025-09-13 17:04:41.206297,2635,67,3408,172,16184
2025-09-13 17:04:41.426000,2637,67,3324,104,16228
2025-09-13 17:04:41.652989,2632,67,3364,0,16076
2025-09-13 17:04:41.912032,2647,67,3352,124,16064
2025-09-13 17:04:42.133989,2641,67,3240,124,16072
2025-09-13 17:04:42.365991,2636,67,3432,72,16136
2025-09-13 17:04:42.580734,2639,67,3524,80,16216
2025-09-13 17:04:42.803730,2647,67,3368,140,16160
2025-09-13 17:04:43.045736,2641,67,3172,152,16168
2025-09-13 17:04:43.274406,2637,67,3444,188,16200
2025-09-13 17:04:43.483712,2651,67,3468,65520,16120
2025-09-13 17:04:43.699365,2632,67,3360,64,16096
2025-09-13 17:04:43.938081,2634,67,3268,16,16280
2025-09-13 17:04:44.161777,2639,67,3336,148,16260
2025-09-13 17:04:44.388775,2651,67,3476,148,16264
2025-09-13 17:04:44.606462,2649,67,3324,104,16152
2025-09-13 17:04:44.815653,2633,67,3368,128,16028
2025-09-13 17:04:45.068377,2636,67,3348,128,16136
2025-09-13 17:04:45.366141,2608,67,3380,140,16220
2025-09-13 17:04:45.618840,2609,67,3388,65516,16168
2025-09-13 17:04:45.849155,2635,67,3352,124,16124
2025-09-13 17:04:46.098595,2638,67,3316,172,16200
2025-09-13 17:04:46.367942,2648,67,3448,128,16100
2025-09-13 17:04:46.585080,2626,67,3276,120,16200
2025-09-13 17:04:46.818359,2637,67,3212,76,16188
2025-09-13 17:04:47.035628,2628,67,3264,112,16196
2025-09-13 17:04:47.264928,2635,67,3292,65528,16208
2025-09-13 17:04:47.528997,2639,67,3356,24,16288
2025-09-13 17:04:47.770006,2645,67,3388,36,16168
2025-09-13 17:04:47.992000,2638,67,3336,160,16184
2025-09-13 17:04:48.250453,2637,67,3300,0,16108
2025-09-13 17:04:48.478510,2631,67,3336,84,16184
2025-09-13 17:04:48.707289,2639,67,3412,108,16220
2025-09-13 17:04:48.946819,2637,67,3412,152,16220
2025-09-13 17:04:49.178005,2638,67,3380,44,16100
2025-09-13 17:04:49.411435,2639,67,3420,65456,16184
2025-09-13 17:04:49.681439,2641,67,3424,116,16072
2025-09-13 17:04:49.907501,2647,67,3264,36,16144
2025-09-13 17:04:50.146514,2634,67,3316,116,16160
2025-09-13 17:04:50.383504,2636,67,3312,112,16244
2025-09-13 17:04:50.619686,2647,67,3384,12,16272
2025-09-13 17:04:50.837015,2641,67,3320,108,16168
2025-09-13 17:04:51.038094,2634,67,3388,108,16304
2025-09-13 17:04:51.252097,2640,67,3392,104,16120
2025-09-13 17:04:51.474122,2651,67,3416,92,16088
2025-09-13 17:04:51.722518,2635,67,3336,72,16164
2025-09-13 17:04:51.963520,2644,67,3324,88,16152
2025-09-13 17:04:52.215427,2636,67,3300,168,15940
2025-09-13 17:04:52.454357,2630,67,3336,0,16172
2025-09-13 17:04:52.692452,2647,67,3236,112,16180
2025-09-13 17:04:52.920042,2633,67,3344,80,16136
2025-09-13 17:04:53.110111,2636,67,3420,72,16112
2025-09-13 17:04:53.335431,2648,67,3328,112,16244
2025-09-13 17:04:53.574656,2637,67,3240,116,16184
2025-09-13 17:04:53.796977,2641,67,3380,20,16140
2025-09-13 17:04:54.035836,2639,67,3220,108,16116
2025-09-13 17:04:54.245845,2640,67,3280,64,16160
2025-09-13 17:04:54.472493,2638,67,3268,132,16180
2025-09-13 17:04:54.699953,2647,67,3440,48,16032
2025-09-13 17:04:54.913957,2632,67,3420,88,16040
2025-09-13 17:04:55.148950,2640,67,3336,72,16168
2025-09-13 17:04:55.371876,2634,67,3292,104,16136
2025-09-13 17:04:55.611384,2634,67,3360,116,16172
2025-09-13 17:04:55.845464,2633,67,3292,60,16240
2025-09-13 17:04:56.080457,2651,67,3348,60,16264
2025-09-13 17:04:56.272705,2628,67,3312,120,16240
2025-09-13 17:04:56.493693,2610,67,3400,60,16076
2025-09-13 17:04:56.723621,2640,67,3436,96,16144
2025-09-13 17:04:56.940300,2638,67,3244,56,16224
2025-09-13 17:04:57.153294,2636,67,3368,92,16188
2025-09-13 17:04:57.381302,2651,67,3372,80,16244
2025-09-13 17:04:57.613108,2672,67,3312,76,16144
2025-09-13 17:04:57.853103,2640,67,3384,72,16100
2025-09-13 17:04:58.098161,2625,67,3436,84,16088
2025-09-13 17:04:58.335106,2639,67,3468,88,16124
2025-09-13 17:04:58.571275,2637,67,3344,56,16116
2025-09-13 17:04:58.811264,2618,67,3320,56,16200
2025-09-13 17:04:59.074926,2637,67,3400,140,16168
2025-09-13 17:04:59.303898,2634,67,3344,68,16120
2025-09-13 17:04:59.534904,2645,65,3452,72,16124
2025-09-13 17:04:59.750899,2628,65,3320,124,16184
2025-09-13 17:04:59.979481,2639,65,3388,80,16140
2025-09-13 17:05:00.211389,2628,65,3356,65496,16288
2025-09-13 17:05:00.444473,2632,65,3288,124,16120
2025-09-13 17:05:00.677155,2625,65,3488,40,16240
2025-09-13 17:05:00.914164,2637,65,3368,32,16116
2025-09-13 17:05:01.131081,2637,65,3444,72,16080
2025-09-13 17:05:01.360164,2636,65,3408,65512,16176
2025-09-13 17:05:01.599546,2629,65,3368,76,16132
2025-09-13 17:05:01.820811,2638,65,3376,24,16136
2025-09-13 17:05:02.048900,2643,65,3400,112,16232
2025-09-13 17:05:02.280895,2624,65,3372,96,16108
2025-09-13 17:05:02.549890,2632,65,3388,100,16176
2025-09-13 17:05:02.770903,2637,65,3300,56,16252
2025-09-13 17:05:03.000723,2636,65,3520,28,16104
2025-09-13 17:05:03.237818,2637,65,3460,72,16284
2025-09-13 17:05:03.455895,2616,65,3380,76,16032
2025-09-13 17:05:03.678946,2651,65,3324,80,16072
2025-09-13 17:05:03.890888,2628,65,3256,124,16096
2025-09-13 17:05:04.104883,2638,65,3328,136,16072
2025-09-13 17:05:04.332075,2648,65,3488,96,16148
2025-09-13 17:05:04.582761,2636,65,3400,24,16116
2025-09-13 17:05:04.801758,2639,65,3420,100,16008
2025-09-13 17:05:05.013234,2640,65,3312,160,16092
2025-09-13 17:05:05.208019,2639,65,3472,88,16264
2025-09-13 17:05:05.424941,2644,65,3344,120,16188
2025-09-13 17:05:05.677024,2638,65,3336,88,16088
2025-09-13 17:05:05.878709,2647,65,3472,100,16192
2025-09-13 17:05:06.111708,2636,65,3312,56,16108
2025-09-13 17:05:06.329711,2637,65,3432,244,16236
2025-09-13 17:05:06.563003,2643,65,3372,65512,16012
2025-09-13 17:05:06.797088,2637,65,3480,196,16192
2025-09-13 17:05:07.021135,2641,65,3348,100,16184
2025-09-13 17:05:07.166739,2626,65,3300,108,16156
2025-09-13 17:05:07.389314,2640,65,3416,76,16148
2025-09-13 17:05:07.624830,2636,65,3548,4,16160
2025-09-13 17:05:07.838833,2636,65,3472,72,16044
2025-09-13 17:05:08.074546,2647,65,3452,144,16196
2025-09-13 17:05:08.289584,2636,65,3412,108,16076
2025-09-13 17:05:08.518480,2634,65,3448,148,16128
2025-09-13 17:05:08.739246,2634,65,3412,112,16092
2025-09-13 17:05:09.004214,2638,65,3452,48,16136
2025-09-13 17:05:09.239246,2636,65,3364,104,16172
2025-09-13 17:05:09.461662,2638,65,3424,128,16132
2025-09-13 17:05:09.697663,2624,65,3488,88,16108
2025-09-13 17:05:09.942954,2634,65,3448,56,16152
2025-09-13 17:05:10.187062,2643,65,3384,136,16148
2025-09-13 17:05:10.409264,2636,65,3364,164,16196
2025-09-13 17:05:10.658325,2624,65,3360,92,16112
2025-09-13 17:05:10.898034,2651,65,3492,28,16096
2025-09-13 17:05:11.139029,2645,65,3372,128,16072
2025-09-13 17:05:11.372731,2612,65,3376,88,16244
2025-09-13 17:05:11.603740,2640,65,3400,104,16036
2025-09-13 17:05:11.843691,2628,65,3404,148,16252
2025-09-13 17:05:12.067719,2647,65,3408,80,16136
2025-09-13 17:05:12.312730,2638,65,3340,56,16124
2025-09-13 17:05:12.563239,2640,65,3356,144,16132
2025-09-13 17:05:12.805277,2626,65,3468,60,16176
2025-09-13 17:05:13.052552,2634,65,3400,88,16008
2025-09-13 17:05:13.312278,2640,65,3380,208,16256
2025-09-13 17:05:13.534362,2642,65,3324,40,16168
2025-09-13 17:05:13.772362,2608,65,3308,100,16084
2025-09-13 17:05:14.006608,2647,65,3228,48,16144
2025-09-13 17:05:14.247707,2643,65,3496,96,16180
2025-09-13 17:05:14.476218,2636,65,3332,120,16208
2025-09-13 17:05:14.722146,2640,65,3396,104,16252
2025-09-13 17:05:14.948177,2641,65,3488,80,16172
2025-09-13 17:05:15.170249,2638,65,3316,124,16072
2025-09-13 17:05:15.413223,2638,65,3188,124,16192
2025-09-13 17:05:15.636343,2637,65,3320,200,16168
2025-09-13 17:05:15.849229,2635,65,3412,72,16168
2025-09-13 17:05:16.119224,2636,65,3416,136,16116
2025-09-13 17:05:16.310975,2633,65,3412,212,16268
2025-09-13 17:05:16.544259,2608,65,3372,104,16200
2025-09-13 17:05:16.722244,2633,65,3500,60,16184
2025-09-13 17:05:16.942049,2637,65,3408,136,16108
2025-09-13 17:05:17.169698,2626,65,3260,92,16088
2025-09-13 17:05:17.388700,2643,65,3380,44,16156
2025-09-13 17:05:17.617711,2639,65,3356,104,16060
2025-09-13 17:05:17.848792,2641,65,3356,8,16192
2025-09-13 17:05:18.089672,2630,65,3516,68,16056
2025-09-13 17:05:18.315734,2639,65,3524,128,16136
2025-09-13 17:05:18.519276,2612,65,3356,36,16104
2025-09-13 17:05:18.752253,2635,65,3324,52,16152
2025-09-13 17:05:18.974332,2639,65,3440,68,16200
2025-09-13 17:05:19.230169,2634,65,3404,112,16228
2025-09-13 17:05:19.443128,2628,65,3304,104,16076
2025-09-13 17:05:19.661938,2629,65,3428,108,16100
2025-09-13 17:05:19.879553,2637,65,3352,128,16136
2025-09-13 17:05:20.113567,2637,65,3416,108,16036
2025-09-13 17:05:20.335560,2635,65,3316,28,16100
2025-09-13 17:05:20.557635,2637,65,3456,100,16104
2025-09-13 17:05:20.803585,2649,65,3424,116,16164
2025-09-13 17:05:21.057391,2636,65,3396,56,16164
2025-09-13 17:05:21.287323,2637,65,3264,12,16060
2025-09-13 17:05:21.529305,2612,65,3492,180,16068
2025-09-13 17:05:21.749308,2639,65,3456,0,16228
2025-09-13 17:05:21.972290,2639,65,3488,32,16136
2025-09-13 17:05:22.202772,2630,65,3280,92,16252
2025-09-13 17:05:22.424197,2641,65,3240,148,16012
2025-09-13 17:05:22.666162,2647,65,3400,136,16188
2025-09-13 17:05:22.901915,2647,65,3376,60,16004
2025-09-13 17:05:23.138001,2638,65,3424,120,16124
2025-09-13 17:05:23.350915,2638,65,3424,184,16084
2025-09-13 17:05:23.573197,2632,65,3304,144,16360
2025-09-13 17:05:23.827249,2634,65,3272,100,16116
2025-09-13 17:05:24.061032,2612,65,3440,156,16188
2025-09-13 17:05:24.295761,2637,65,3436,44,16064
2025-09-13 17:05:24.479025,2637,65,3308,152,16176
2025-09-13 17:05:24.682808,2640,65,3296,65484,16188
2025-09-13 17:05:24.902257,2641,65,3444,76,16100
2025-09-13 17:05:25.123633,2637,65,3436,192,16204
2025-09-13 17:05:25.388358,2628,65,3344,92,16096
2025-09-13 17:05:25.647689,2636,65,3496,4,16156
2025-09-13 17:05:25.932226,2632,65,3464,72,16128
2025-09-13 17:05:26.217211,2628,65,3384,84,16216
2025-09-13 17:05:26.465414,2633,65,3188,132,16140
2025-09-13 17:05:26.707989,2637,65,3252,228,16284
2025-09-13 17:05:26.914775,2647,65,3424,140,16148
2025-09-13 17:05:27.139436,2638,65,3444,136,16192
2025-09-13 17:05:27.371855,2647,65,3296,65532,16072
2025-09-13 17:05:27.613037,2636,65,3400,116,16088
2025-09-13 17:05:27.859047,2637,65,3368,68,16088
2025-09-13 17:05:28.122379,2633,65,3388,100,16120
2025-09-13 17:05:28.370450,2630,65,3392,104,16076
2025-09-13 17:05:28.582054,2630,65,3472,84,16368
2025-09-13 17:05:28.839011,2637,65,3372,108,16088
2025-09-13 17:05:29.136557,2641,65,3436,92,16064
2025-09-13 17:05:29.357273,2638,65,3360,56,15952
2025-09-13 17:05:29.675183,2628,65,3376,68,16128
2025-09-13 17:05:29.964107,2634,65,3396,65528,16048
2025-09-13 17:05:30.205226,2629,65,3336,136,16068
2025-09-13 17:05:30.454861,2640,65,3312,60,16092
2025-09-13 17:05:30.704722,2633,65,3336,80,16048
2025-09-13 17:05:30.942105,2636,65,3332,24,16324
2025-09-13 17:05:31.195908,2628,65,3464,65496,16080
2025-09-13 17:05:31.452785,2632,65,3520,52,16144
2025-09-13 17:05:31.690038,2638,65,3484,60,16164
2025-09-13 17:05:31.935074,2638,65,3388,76,16056
2025-09-13 17:05:32.156955,2637,65,3428,44,16172
2025-09-13 17:05:32.396788,2634,65,3300,65512,16100
2025-09-13 17:05:32.612507,2638,65,3468,88,16200
2025-09-13 17:05:32.852472,2635,65,3432,24,16176
2025-09-13 17:05:33.089619,2640,65,3452,92,16156
2025-09-13 17:05:33.314313,2647,65,3384,152,16132
2025-09-13 17:05:33.545046,2637,65,3480,92,16192
2025-09-13 17:05:33.756855,2644,65,3484,104,16296
2025-09-13 17:05:33.976996,2637,65,3384,108,16108
2025-09-13 17:05:34.172989,2635,65,3492,128,16184
2025-09-13 17:05:34.373001,2637,70,3424,76,16308
2025-09-13 17:05:34.595097,2636,70,3448,172,16220
2025-09-13 17:05:34.802086,2636,70,3396,84,16076
2025-09-13 17:05:35.034753,2638,70,3404,52,16148
2025-09-13 17:05:35.241804,2639,70,3340,92,16144
2025-09-13 17:05:35.474251,2641,70,3400,100,16064
2025-09-13 17:05:35.701555,2644,70,3444,28,16192
2025-09-13 17:05:35.845059,2629,70,3484,80,16028
2025-09-13 17:05:36.035764,2651,70,3380,136,16092
2025-09-13 17:05:36.239411,2637,70,3324,56,16156
2025-09-13 17:05:36.407387,2640,70,3376,68,16160
2025-09-13 17:05:36.616552,2649,70,3464,76,16124
2025-09-13 17:05:36.815885,2632,70,3488,108,16196
2025-09-13 17:05:37.041883,2639,70,3416,36,15980
2025-09-13 17:05:37.252077,2638,70,3376,124,16192
2025-09-13 17:05:37.432969,2641,70,3388,64,16036
2025-09-13 17:05:37.657276,2647,70,3440,172,16180
2025-09-13 17:05:37.859474,2629,70,3404,65512,16136
2025-09-13 17:05:38.076120,2632,70,3500,112,16136
2025-09-13 17:05:38.307911,2641,70,3488,136,16100
2025-09-13 17:05:38.547236,2642,70,3412,76,16280
2025-09-13 17:05:38.742865,2636,70,3436,44,16040
2025-09-13 17:05:38.968759,2637,70,3364,140,16140
2025-09-13 17:05:39.212215,2638,70,3528,44,16192
2025-09-13 17:05:39.464381,2639,70,3408,48,16288
2025-09-13 17:05:39.737463,2640,70,3416,96,16068
2025-09-13 17:05:39.961158,2637,70,3396,124,16124
2025-09-13 17:05:40.186000,2636,70,3340,128,16156
2025-09-13 17:05:40.411280,2636,70,3396,24,16152
2025-09-13 17:05:40.657001,2637,70,3324,44,16060
2025-09-13 17:05:40.883126,2636,70,3440,40,16100
2025-09-13 17:05:41.110818,2640,70,3460,88,16160
2025-09-13 17:05:41.309864,2638,70,3404,124,15924
2025-09-13 17:05:41.518115,2643,70,3472,65528,16360
2025-09-13 17:05:41.712503,2635,70,3468,84,16136
2025-09-13 17:05:41.972273,2637,70,3464,204,16104
2025-09-13 17:05:42.218482,2639,70,3520,124,16192
2025-09-13 17:05:42.434222,2638,70,3408,40,16092
2025-09-13 17:05:42.671898,2638,70,3432,132,16004
2025-09-13 17:05:42.870194,2639,70,3396,100,16088
2025-09-13 17:05:43.139944,2639,70,3468,184,16252
2025-09-13 17:05:43.381379,2637,70,3468,92,16192
2025-09-13 17:05:43.530070,2643,70,3460,80,16208
2025-09-13 17:05:43.774925,2651,70,3432,84,16056
2025-09-13 17:05:44.001221,2636,70,3304,88,15988
2025-09-13 17:05:44.207272,2638,70,3472,124,16088
2025-09-13 17:05:44.430778,2636,70,3432,116,16128
2025-09-13 17:05:44.668850,2638,70,3496,8,16060
2025-09-13 17:05:44.874058,2636,70,3408,84,16164
2025-09-13 17:05:45.093052,2637,70,3480,112,16092
2025-09-13 17:05:45.314351,2636,70,3448,72,16212
2025-09-13 17:05:45.557809,2651,70,3380,168,16208
2025-09-13 17:05:45.789608,2608,70,3308,12,16192
2025-09-13 17:05:46.001520,2641,70,3456,108,16192
2025-09-13 17:05:46.277560,2635,70,3424,56,16304
2025-09-13 17:05:46.500693,2640,70,3468,56,16128
2025-09-13 17:05:46.714720,2637,70,3488,65524,16184
2025-09-13 17:05:46.922913,2632,70,3440,108,16044
2025-09-13 17:05:47.178726,2642,70,3504,140,16200
2025-09-13 17:05:47.434775,2636,70,3412,56,16140
2025-09-13 17:05:47.646258,2626,70,3404,112,16208
2025-09-13 17:05:47.812933,2639,70,3448,100,16116
2025-09-13 17:05:48.061568,2651,70,3436,0,16072
2025-09-13 17:05:48.297850,2638,70,3336,96,16208
2025-09-13 17:05:48.531426,2640,70,3460,36,16136
2025-09-13 17:05:48.713190,2583,70,3436,148,16148
2025-09-13 17:05:48.939427,2635,70,3332,20,16132
2025-09-13 17:05:49.187746,2636,70,3496,92,16020
2025-09-13 17:05:49.408091,2651,70,3480,40,16276
2025-09-13 17:05:49.669906,2639,70,3504,65524,16088
2025-09-13 17:05:49.877045,2649,70,3416,96,16212
2025-09-13 17:05:50.087884,2638,70,3500,68,16068
2025-09-13 17:05:50.227298,2638,70,3416,100,16288
2025-09-13 17:05:50.454081,2634,70,3552,124,16168
2025-09-13 17:05:50.646900,2635,70,3392,4,16084
2025-09-13 17:05:50.855080,2635,70,3388,108,16168
2025-09-13 17:05:51.103979,2647,70,3380,96,16200
2025-09-13 17:05:51.318636,2638,70,3448,64,16060
2025-09-13 17:05:51.520523,2649,70,3424,120,16240
2025-09-13 17:05:51.721312,2637,70,3428,65488,16104
2025-09-13 17:05:51.930355,2648,70,3464,112,16108
2025-09-13 17:05:52.143336,2639,70,3348,68,16188
2025-09-13 17:05:52.391294,2639,70,3448,144,16104
2025-09-13 17:05:52.577171,2636,70,3404,20,16128
2025-09-13 17:05:52.826014,2645,70,3500,4,16136
2025-09-13 17:05:53.051432,2638,70,3472,64,16108
2025-09-13 17:05:53.261362,2636,70,3492,60,16232
2025-09-13 17:05:53.478795,2628,70,3496,88,16132
2025-09-13 17:05:53.683352,2631,70,3532,56,16240
2025-09-13 17:05:53.885115,2639,70,3552,20,16028
2025-09-13 17:05:54.092774,2637,70,3268,36,16140
2025-09-13 17:05:54.307789,2643,70,3320,160,16084
2025-09-13 17:05:54.519196,2651,70,3544,224,16124
2025-09-13 17:05:54.683034,2638,70,3488,116,16144
2025-09-13 17:05:54.912036,2632,70,3540,108,16116
2025-09-13 17:05:55.103083,2639,70,3276,64,16088
2025-09-13 17:05:55.295985,2634,70,3440,96,16128
2025-09-13 17:05:55.502029,2651,70,3600,64,16156
2025-09-13 17:05:55.707542,2641,70,3620,148,16044
2025-09-13 17:05:55.964118,2640,70,3440,96,16088
2025-09-13 17:05:56.144187,2647,70,3372,184,16052
2025-09-13 17:05:56.357742,2637,70,3424,80,16132
2025-09-13 17:05:56.555963,2648,70,3532,128,16056
2025-09-13 17:05:56.776183,2633,70,3460,0,16248
2025-09-13 17:05:56.988887,2648,70,3620,40,16124
2025-09-13 17:05:57.183199,2636,70,3512,12,16104
2025-09-13 17:05:57.394549,2637,70,3456,104,16148
2025-09-13 17:05:57.628470,2651,70,3440,76,16196
2025-09-13 17:05:57.846828,2640,70,3532,116,16184
2025-09-13 17:05:58.061192,2630,70,3516,128,16044
2025-09-13 17:05:58.269881,2646,70,3540,88,16152
2025-09-13 17:05:58.508283,2636,70,3404,72,16020
2025-09-13 17:05:58.762778,2639,70,3484,100,16060
2025-09-13 17:05:58.997091,2637,70,3512,84,16144
2025-09-13 17:05:59.223455,2638,70,3496,44,16052
2025-09-13 17:05:59.435323,2632,70,3520,52,16040
2025-09-13 17:05:59.671324,2639,70,3432,64,16292
2025-09-13 17:05:59.872611,2636,70,3436,64,16116
2025-09-13 17:06:00.078870,2637,70,3444,52,16176
2025-09-13 17:06:00.301112,2632,70,3424,68,16068
2025-09-13 17:06:00.514921,2597,70,3428,48,16100
2025-09-13 17:06:00.728053,2640,70,3360,40,16124
2025-09-13 17:06:00.958194,2644,70,3408,136,16192
2025-09-13 17:06:01.224052,2632,70,3468,56,16144
2025-09-13 17:06:01.451584,2628,70,3508,92,16108
2025-09-13 17:06:01.705758,2637,70,3548,88,16096
2025-09-13 17:06:01.872916,2635,70,3384,120,16200
2025-09-13 17:06:02.073222,2636,70,3496,104,16212
2025-09-13 17:06:02.309518,2637,70,3448,124,16144
2025-09-13 17:06:02.540073,2636,70,3388,40,16016
2025-09-13 17:06:02.801380,2638,70,3620,8,16148
2025-09-13 17:06:03.032298,2641,70,3612,68,16064
2025-09-13 17:06:03.273307,2639,70,3432,132,16148
2025-09-13 17:06:03.477570,2647,70,3540,76,16188
2025-09-13 17:06:03.690039,2639,70,3480,44,16156
2025-09-13 17:06:03.910848,2641,70,3480,144,16140
2025-09-13 17:06:04.102908,2636,70,3356,96,16092
2025-09-13 17:06:04.317311,2628,70,3360,128,16096
2025-09-13 17:06:04.520969,2647,70,3540,136,16108
2025-09-13 17:06:04.757364,2639,70,3520,92,16064
2025-09-13 17:06:04.997804,2608,70,3460,88,16120
2025-09-13 17:06:05.222811,2632,70,3408,96,16148
2025-09-13 17:06:05.465143,2638,70,3424,64,16052
2025-09-13 17:06:05.740796,2643,70,3532,40,16160
2025-09-13 17:06:05.952990,2639,70,3464,88,16144
2025-09-13 17:06:06.155915,2635,70,3460,36,16288
2025-09-13 17:06:06.387227,2623,70,3476,120,15960
2025-09-13 17:06:06.588570,2638,70,3564,65520,16012
2025-09-13 17:06:06.796248,2639,70,3500,12,16192
2025-09-13 17:06:07.005428,2616,70,3420,64,16064
2025-09-13 17:06:07.256378,2636,70,3400,0,16152
2025-09-13 17:06:07.482912,2631,68,3396,132,15984
2025-09-13 17:06:07.673356,2637,68,3564,65516,16168
2025-09-13 17:06:07.909287,2638,68,3560,128,16028
2025-09-13 17:06:08.148773,2630,68,3412,92,15996
2025-09-13 17:06:08.388372,2637,68,3484,24,16068
2025-09-13 17:06:08.614412,2647,68,3348,64,16108
2025-09-13 17:06:08.851736,2647,68,3556,144,15988
2025-09-13 17:06:09.086576,2636,68,3496,60,16112
2025-09-13 17:06:09.310116,2640,68,3488,68,16092
2025-09-13 17:06:09.529460,2630,68,3532,108,16100
2025-09-13 17:06:09.765076,2643,68,3508,148,16032
2025-09-13 17:06:10.011950,2651,68,3440,20,16036
2025-09-13 17:06:10.235851,2636,68,3428,156,16016
2025-09-13 17:06:10.468735,2642,68,3468,76,16144
2025-09-13 17:06:10.710211,2638,68,3332,56,16032
2025-09-13 17:06:10.975434,2634,68,3548,120,16112
2025-09-13 17:06:11.178723,2641,68,3408,4,16168
2025-09-13 17:06:11.431597,2651,68,3568,80,16164
2025-09-13 17:06:11.672029,2637,68,3412,72,16088
2025-09-13 17:06:11.932848,2638,68,3464,80,16228
2025-09-13 17:06:12.135197,2628,68,3452,160,16092
2025-09-13 17:06:12.396350,2639,68,3572,76,16128
2025-09-13 17:06:12.633998,2637,68,3436,68,16112
2025-09-13 17:06:12.860900,2637,68,3372,52,16040
2025-09-13 17:06:13.102666,2636,68,3512,64,16088
2025-09-13 17:06:13.356620,2642,68,3568,112,16152
2025-09-13 17:06:13.608471,2614,68,3676,164,16192
2025-09-13 17:06:13.851906,2636,68,3416,148,16232
2025-09-13 17:06:14.090260,2639,68,3492,128,16116
2025-09-13 17:06:14.312393,2608,68,3508,244,16020
2025-09-13 17:06:14.538967,2637,68,3572,32,16044
2025-09-13 17:06:14.734193,2638,68,3484,68,16204
2025-09-13 17:06:14.953123,2647,68,3508,120,16220
2025-09-13 17:06:15.168653,2636,68,3524,144,16152
2025-09-13 17:06:15.390759,2640,68,3644,76,16124
2025-09-13 17:06:15.631755,2636,68,3572,100,16120
2025-09-13 17:06:15.881176,2639,68,3432,108,16180
2025-09-13 17:06:16.116575,2639,68,3412,36,16168
2025-09-13 17:06:16.326012,2642,68,3492,65512,16032
2025-09-13 17:06:16.556026,2639,68,3480,104,16248
2025-09-13 17:06:16.777040,2647,68,3488,160,16092
2025-09-13 17:06:17.007700,2640,68,3512,152,16176
2025-09-13 17:06:17.227946,2639,68,3448,144,16108
2025-09-13 17:06:17.466699,2638,68,3452,36,16168
2025-09-13 17:06:17.670757,2634,68,3372,72,16056
2025-09-13 17:06:17.916433,2629,68,3512,72,16136
2025-09-13 17:06:18.144308,2634,68,3424,65520,16156
2025-09-13 17:06:18.366764,2651,68,3616,88,16192
2025-09-13 17:06:18.604942,2640,68,3512,124,16028
2025-09-13 17:06:18.860516,2638,68,3512,120,16208
2025-09-13 17:06:19.088254,2662,68,3496,76,16016
2025-09-13 17:06:19.364991,2653,68,3508,76,16172
2025-09-13 17:06:19.585038,2624,68,3572,60,16028
2025-09-13 17:06:19.818863,2653,68,3500,72,16080
2025-09-13 17:06:20.035831,2636,68,3488,144,16132
2025-09-13 17:06:20.267569,2636,68,3584,44,16104
2025-09-13 17:06:20.474839,2639,68,3444,136,16136
2025-09-13 17:06:20.705860,2636,68,3596,176,16092
2025-09-13 17:06:20.945181,2639,68,3484,112,16108
2025-09-13 17:06:21.155286,2636,68,3368,88,16232
2025-09-13 17:06:21.396203,2633,68,3592,116,16004
2025-09-13 17:06:21.610307,2638,68,3596,168,15940
2025-09-13 17:06:21.857097,2651,68,3528,65532,16164
2025-09-13 17:06:22.095033,2647,68,3416,160,16128
2025-09-13 17:06:22.316410,2647,68,3464,128,16008
2025-09-13 17:06:22.544385,2636,68,3472,68,16112
2025-09-13 17:06:22.811359,2633,68,3540,40,16236
2025-09-13 17:06:23.006997,2635,68,3624,64,16064
2025-09-13 17:06:23.241013,2628,68,3556,72,16136
2025-09-13 17:06:23.437000,2644,68,3500,112,16120
2025-09-13 17:06:23.657972,2645,68,3568,65524,16144
2025-09-13 17:06:23.877533,2637,68,3608,68,15916
2025-09-13 17:06:24.110509,2638,68,3548,88,16156
2025-09-13 17:06:24.340359,2639,68,3496,68,16176
2025-09-13 17:06:24.525046,2632,68,3500,112,16068
2025-09-13 17:06:24.746996,2618,68,3456,84,16232
2025-09-13 17:06:24.954798,2632,68,3488,200,16108
2025-09-13 17:06:25.190885,2644,68,3460,44,16032
2025-09-13 17:06:25.424273,2626,68,3580,104,16196
2025-09-13 17:06:25.572811,2638,68,3644,52,16184
2025-09-13 17:06:25.852797,2636,68,3448,104,16288
2025-09-13 17:06:26.088495,2632,68,3512,60,16036
2025-09-13 17:06:26.296999,2647,68,3552,88,16048
2025-09-13 17:06:26.512540,2639,68,3436,88,16192
2025-09-13 17:06:26.721839,2633,68,3524,160,16160
2025-09-13 17:06:26.942591,2648,68,3572,72,15932
2025-09-13 17:06:27.189315,2631,68,3592,44,16200
2025-09-13 17:06:27.383451,2634,68,3596,184,16032
2025-09-13 17:06:27.616844,2635,68,3524,65500,15996
2025-09-13 17:06:27.850961,2650,68,3424,84,15980
2025-09-13 17:06:28.097638,2642,68,3556,28,16168
2025-09-13 17:06:28.314824,2636,68,3516,40,16096
2025-09-13 17:06:28.567311,2637,68,3600,88,16152
2025-09-13 17:06:28.793234,2642,68,3500,140,15932
2025-09-13 17:06:28.977341,2637,68,3500,144,16240
2025-09-13 17:06:29.211658,2628,68,3552,65532,16112
2025-09-13 17:06:29.447840,2631,68,3540,8,16204
2025-09-13 17:06:29.653046,2639,68,3488,72,16148
2025-09-13 17:06:29.849104,2637,68,3488,16,16212
2025-09-13 17:06:30.071998,2647,68,3464,108,16136
2025-09-13 17:06:30.278196,2651,68,3396,36,16132
2025-09-13 17:06:30.510728,2613,68,3544,65496,16212
2025-09-13 17:06:30.718841,2640,68,3568,60,16100
2025-09-13 17:06:30.953006,2633,68,3456,92,16176
2025-09-13 17:06:31.174076,2647,68,3484,92,16028
2025-09-13 17:06:31.410539,2632,68,3600,48,16072
2025-09-13 17:06:31.653992,2639,68,3580,140,16112
2025-09-13 17:06:31.864907,2638,68,3548,64,16160
2025-09-13 17:06:32.086001,2628,68,3464,120,16064
2025-09-13 17:06:32.304457,2643,68,3448,65532,16048
2025-09-13 17:06:32.553108,2634,68,3604,36,16096
2025-09-13 17:06:32.767323,2643,68,3440,65464,16132
2025-09-13 17:06:33.011366,2641,68,3600,108,16112
2025-09-13 17:06:33.259981,2624,68,3564,108,15980
2025-09-13 17:06:33.509441,2638,68,3420,40,16052
2025-09-13 17:06:33.755144,2635,68,3476,28,16056
2025-09-13 17:06:33.950866,2651,68,3660,64,16008
2025-09-13 17:06:34.161940,2638,68,3540,92,16328
2025-09-13 17:06:34.391064,2642,68,3596,76,16064
2025-09-13 17:06:34.632507,2636,68,3484,84,16164
2025-09-13 17:06:34.802901,2642,68,3460,65508,16152
2025-09-13 17:06:35.038650,2648,68,3596,36,16084
2025-09-13 17:06:35.269222,2612,68,3468,44,16168
2025-09-13 17:06:35.492784,2636,68,3492,24,16136
2025-09-13 17:06:35.733056,2632,68,3584,72,16092
2025-09-13 17:06:35.988571,2635,68,3572,92,16104
2025-09-13 17:06:36.189569,2640,68,3488,84,16116
2025-09-13 17:06:36.436428,2637,68,3472,100,16100
2025-09-13 17:06:36.648517,2576,68,3372,12,15996
2025-09-13 17:06:36.882818,2608,68,3464,8,16076
2025-09-13 17:06:37.125097,2635,68,3520,68,16188
2025-09-13 17:06:37.324095,2609,68,3500,8,16108
2025-09-13 17:06:37.542931,2636,68,3520,28,16044
2025-09-13 17:06:37.746761,2637,68,3540,140,16088
2025-09-13 17:06:37.911302,2633,68,3452,60,16172
2025-09-13 17:06:38.159971,2637,68,3540,72,16028
2025-09-13 17:06:38.382680,2651,68,3528,108,16024
2025-09-13 17:06:38.602918,2634,68,3580,80,16040
2025-09-13 17:06:38.825068,2636,68,3472,84,16044
2025-09-13 17:06:39.071187,2630,68,3636,132,16096
2025-09-13 17:06:39.180123,2638,68,3508,44,16132
2025-09-13 17:06:39.384290,2637,68,3608,164,16100
2025-09-13 17:06:39.607803,2633,68,3508,12,16104
2025-09-13 17:06:39.825041,2635,68,3600,140,16140
2025-09-13 17:06:40.059337,2637,68,3628,116,16136
2025-09-13 17:06:40.278969,2649,68,3456,92,16152
2025-09-13 17:06:40.489547,2635,68,3504,52,16212
2025-09-13 17:06:40.737271,2641,68,3608,52,16100
2025-09-13 17:06:40.962676,2636,68,3460,52,16052
2025-09-13 17:06:41.167860,2650,68,3492,40,16036
2025-09-13 17:06:41.369666,2628,73,3520,40,16160
2025-09-13 17:06:41.596306,2651,73,3416,204,16084
2025-09-13 17:06:41.798127,2634,73,3528,80,16064
2025-09-13 17:06:42.024059,2628,73,3540,140,16040
2025-09-13 17:06:42.293090,2576,73,3432,65532,16152
2025-09-13 17:06:42.512981,2637,73,3556,65532,16040
2025-09-13 17:06:42.730470,2641,73,3560,76,16144
2025-09-13 17:06:42.932244,2648,73,3540,104,16204
2025-09-13 17:06:43.132789,2650,73,3584,64,16224
2025-09-13 17:06:43.342915,2638,73,3504,124,16056
2025-09-13 17:06:43.581827,2638,73,3516,4,16148
2025-09-13 17:06:43.840459,2651,73,3560,84,16152
2025-09-13 17:06:44.052734,2629,73,3452,65520,16176
2025-09-13 17:06:44.236452,2610,73,3484,160,16160
2025-09-13 17:06:44.474292,2635,73,3428,160,16160
2025-09-13 17:06:44.694201,2639,73,3596,16,16128
2025-09-13 17:06:44.893393,2634,73,3492,68,16124
2025-09-13 17:06:45.108923,2638,73,3480,100,16116
2025-09-13 17:06:45.312475,2639,73,3488,44,16024
2025-09-13 17:06:45.535343,2636,73,3564,148,16144
2025-09-13 17:06:45.732992,2641,73,3548,172,16248
2025-09-13 17:06:45.917266,2637,73,3564,152,16096
2025-09-13 17:06:46.112581,2628,73,3512,65532,16056
2025-09-13 17:06:46.336626,2636,73,3464,80,16056
2025-09-13 17:06:46.527717,2632,73,3584,60,16052
2025-09-13 17:06:46.738974,2651,73,3508,60,16132
2025-09-13 17:06:46.960839,2651,73,3524,136,16120
2025-09-13 17:06:47.183647,2632,73,3600,176,16112
2025-09-13 17:06:47.412319,2641,73,3524,144,16240
2025-09-13 17:06:47.622114,2637,73,3516,36,16156
2025-09-13 17:06:47.783099,2637,73,3448,65496,16184
2025-09-13 17:06:47.992051,2639,73,3532,148,16152
2025-09-13 17:06:48.213019,2632,73,3492,72,16208
2025-09-13 17:06:48.406142,2632,73,3468,40,16168
2025-09-13 17:06:48.658779,2641,73,3476,28,16072
2025-09-13 17:06:48.877322,2629,73,3616,60,16220
2025-09-13 17:06:49.088543,2639,73,3512,65516,16124
2025-09-13 17:06:49.312740,2635,73,3476,44,16160
2025-09-13 17:06:49.557690,2635,73,3544,12,16076
2025-09-13 17:06:49.790852,2637,73,3484,65532,16036
2025-09-13 17:06:50.014009,2638,73,3540,44,16148
2025-09-13 17:06:50.228479,2641,73,3532,136,16284
2025-09-13 17:06:50.472007,2608,73,3548,68,16140
2025-09-13 17:06:50.694803,2647,73,3520,24,16092
2025-09-13 17:06:50.923382,2636,73,3572,156,16136
2025-09-13 17:06:51.151629,2632,73,3512,65508,16164
2025-09-13 17:06:51.398081,2648,73,3576,0,16160
2025-09-13 17:06:51.648558,2632,73,3464,124,16024
2025-09-13 17:06:51.899257,2634,73,3420,88,16176
2025-09-13 17:06:52.139080,2636,73,3572,148,16048
2025-09-13 17:06:52.365036,2624,73,3560,116,15884
2025-09-13 17:06:52.592074,2636,73,3572,44,16188
2025-09-13 17:06:52.797299,2637,73,3568,144,16252
2025-09-13 17:06:52.986114,2630,73,3480,132,16200
2025-09-13 17:06:53.189831,2639,73,3524,60,16088
2025-09-13 17:06:53.374790,2630,73,3468,76,16084
2025-09-13 17:06:53.579845,2630,73,3532,104,16116
2025-09-13 17:06:53.783437,2637,73,3584,76,16044
2025-09-13 17:06:54.001570,2647,73,3472,128,16152
2025-09-13 17:06:54.241306,2632,73,3520,180,16060
2025-09-13 17:06:54.438067,2639,73,3472,104,16244
2025-09-13 17:06:54.606342,2647,73,3472,120,16108
2025-09-13 17:06:54.796723,2636,73,3536,88,16036
2025-09-13 17:06:55.044261,2632,73,3560,44,16036
2025-09-13 17:06:55.256182,2637,73,3496,48,16120
2025-09-13 17:06:55.456987,2633,73,3560,24,16152
2025-09-13 17:06:55.633063,2637,73,3532,24,16080
2025-09-13 17:06:55.840146,2641,73,3608,52,16156
2025-09-13 17:06:56.059074,2638,73,3508,136,16072
2025-09-13 17:06:56.258073,2637,73,3572,84,16152
2025-09-13 17:06:56.454969,2635,73,3488,132,15948
2025-09-13 17:06:56.696280,2636,73,3520,160,16008
2025-09-13 17:06:56.898453,2640,73,3484,65512,16120
2025-09-13 17:06:57.106829,2637,73,3548,96,16128
2025-09-13 17:06:57.310001,2641,73,3440,136,16076
2025-09-13 17:06:57.510803,2635,73,3496,136,16016
2025-09-13 17:06:57.764129,2639,73,3476,76,16072
2025-09-13 17:06:57.986042,2641,73,3592,116,15896
2025-09-13 17:06:58.218076,2629,73,3652,120,16060
2025-09-13 17:06:58.470192,2628,73,3656,52,16060
2025-09-13 17:06:58.694825,2637,73,3616,116,15976
2025-09-13 17:06:58.927433,2637,73,3520,64,16116
2025-09-13 17:06:59.137632,2635,73,3568,84,16080
2025-09-13 17:06:59.359938,2637,73,3448,48,16140
2025-09-13 17:06:59.568669,2640,73,3468,40,16184
2025-09-13 17:06:59.762889,2645,73,3648,120,16048
2025-09-13 17:06:59.998105,2648,73,3532,196,16136
2025-09-13 17:07:00.243078,2636,73,3520,88,16044
2025-09-13 17:07:00.476617,2645,73,3476,124,16100
2025-09-13 17:07:00.693073,2638,73,3660,0,16036
2025-09-13 17:07:00.937181,2636,73,3552,64,16060
2025-09-13 17:07:01.170152,2634,73,3664,132,16048
2025-09-13 17:07:01.384078,2629,73,3500,65508,16012
2025-09-13 17:07:01.618934,2641,73,3624,160,16200
2025-09-13 17:07:01.831038,2637,73,3560,52,15984
2025-09-13 17:07:02.043095,2651,73,3536,76,16180
2025-09-13 17:07:02.260271,2634,73,3584,124,16084
2025-09-13 17:07:02.472889,2632,73,3544,72,15928
2025-09-13 17:07:02.712879,2638,73,3492,108,16096
2025-09-13 17:07:02.957791,2637,73,3464,64,16056
2025-09-13 17:07:03.187484,2647,73,3432,65500,16088
2025-09-13 17:07:03.424678,2629,73,3628,52,16092
2025-09-13 17:07:03.687302,2637,73,3716,65532,16088
2025-09-13 17:07:03.919638,2643,73,3496,164,16056
2025-09-13 17:07:04.120361,2635,73,3480,68,15948
2025-09-13 17:07:04.312976,2633,73,3580,44,16208
2025-09-13 17:07:04.527868,2638,73,3564,52,16108
2025-09-13 17:07:04.777008,2636,73,3476,96,16040
2025-09-13 17:07:04.920871,2639,73,3504,164,16124
2025-09-13 17:07:05.117420,2636,73,3640,65516,16004
2025-09-13 17:07:05.335018,2628,73,3624,136,16352
2025-09-13 17:07:05.563014,2679,73,3568,124,16228
2025-09-13 17:07:05.772890,2638,73,3484,72,16004
2025-09-13 17:07:06.006539,2645,73,3596,52,16100
2025-09-13 17:07:06.234294,2608,73,3504,4,16060
2025-09-13 17:07:06.471721,2633,73,3616,84,16192
2025-09-13 17:07:06.719012,2651,73,3564,40,16092
2025-09-13 17:07:06.954092,2650,73,3692,92,16128
2025-09-13 17:07:07.206084,2632,73,3632,108,16144
2025-09-13 17:07:07.439624,2637,73,3476,112,16056
2025-09-13 17:07:07.666393,2629,73,3492,52,16156
2025-09-13 17:07:07.924786,2640,73,3588,80,16076
2025-09-13 17:07:08.164982,2636,73,3532,65524,16132
2025-09-13 17:07:08.383333,2650,73,3660,72,16112
2025-09-13 17:07:08.616859,2636,73,3664,36,16096
2025-09-13 17:07:08.794297,2649,73,3560,140,16108
2025-09-13 17:07:09.020831,2639,73,3524,96,16200
2025-09-13 17:07:09.248640,2634,73,3472,128,15980
2025-09-13 17:07:09.457458,2624,73,3652,65520,16084
2025-09-13 17:07:09.700877,2647,73,3552,120,16076
2025-09-13 17:07:09.921267,2645,73,3680,136,15956
2025-09-13 17:07:10.161020,2638,73,3568,108,16056
2025-09-13 17:07:10.372986,2647,73,3572,65516,16084
2025-09-13 17:07:10.598804,2638,73,3632,76,16080
2025-09-13 17:07:10.806162,2624,73,3612,44,16072
2025-09-13 17:07:11.031298,2638,73,3472,44,16116
2025-09-13 17:07:11.239194,2647,73,3512,44,16100
2025-09-13 17:07:11.502889,2633,73,3568,92,16024
2025-09-13 17:07:11.765035,2629,73,3616,52,16124
2025-09-13 17:07:12.009962,2635,73,3604,60,16124
2025-09-13 17:07:12.252966,2647,73,3600,160,16156
2025-09-13 17:07:12.490822,2636,73,3544,144,16004
2025-09-13 17:07:12.698908,2640,73,3556,108,16216
2025-09-13 17:07:12.922800,2637,73,3552,76,16080
2025-09-13 17:07:13.147113,2628,73,3600,65524,16048
2025-09-13 17:07:13.391880,2638,73,3640,0,16028
2025-09-13 17:07:13.611483,2643,73,3656,152,16052
2025-09-13 17:07:13.832964,2636,73,3484,160,16140
2025-09-13 17:07:14.071014,2636,73,3604,72,16044
2025-09-13 17:07:14.290690,2650,73,3620,12,16108
2025-09-13 17:07:14.520529,2612,73,3628,88,16168
2025-09-13 17:07:14.750578,2628,69,3568,36,16148
2025-09-13 17:07:15.015864,2629,69,3528,60,16108
2025-09-13 17:07:15.264020,2646,69,3608,72,16120
2025-09-13 17:07:15.505919,2647,69,3544,60,16148
2025-09-13 17:07:15.734862,2637,69,3540,4,16000
2025-09-13 17:07:15.949083,2608,69,3500,8,16028
2025-09-13 17:07:16.171360,2638,69,3548,56,16084
2025-09-13 17:07:16.382049,2637,69,3464,52,16028
2025-09-13 17:07:16.598499,2637,69,3576,72,16120
2025-09-13 17:07:16.794824,2647,69,3568,16,16048
2025-09-13 17:07:17.029103,2639,69,3724,36,16072
2025-09-13 17:07:17.259029,2651,69,3496,28,16040
2025-09-13 17:07:17.482892,2639,69,3512,12,16072
2025-09-13 17:07:17.714755,2645,69,3576,120,16060
2025-09-13 17:07:17.934133,2636,69,3640,65524,15988
2025-09-13 17:07:18.197245,2631,69,3560,76,16108
2025-09-13 17:07:18.426540,2636,69,3548,28,16256
2025-09-13 17:07:18.664893,2635,69,3544,128,16072
2025-09-13 17:07:18.906708,2645,69,3536,104,16008
2025-09-13 17:07:19.125873,2637,69,3620,104,16112
2025-09-13 17:07:19.338833,2634,69,3520,56,15956
2025-09-13 17:07:19.559994,2638,69,3708,104,16168
2025-09-13 17:07:19.773069,2637,69,3540,108,16168
2025-09-13 17:07:20.011102,2634,69,3580,60,16120
2025-09-13 17:07:20.248973,2643,69,3604,148,16132
2025-09-13 17:07:20.442944,2648,69,3528,36,16088
2025-09-13 17:07:20.646207,2651,69,3548,65532,16128
2025-09-13 17:07:20.887086,2635,69,3644,96,16136
2025-09-13 17:07:21.109196,2637,69,3556,36,16220
2025-09-13 17:07:21.323184,2638,69,3508,68,16016
2025-09-13 17:07:21.570021,2640,69,3588,44,16104
2025-09-13 17:07:21.775781,2637,69,3580,100,16052
2025-09-13 17:07:21.998720,2637,69,3632,65524,16160
2025-09-13 17:07:22.220754,2628,69,3572,96,16120
2025-09-13 17:07:22.424948,2641,69,3576,48,16140
2025-09-13 17:07:22.623448,2638,69,3480,100,16028
2025-09-13 17:07:22.825927,2636,69,3616,140,16200
2025-09-13 17:07:23.037660,2635,69,3504,40,15964
2025-09-13 17:07:23.290724,2651,69,3656,12,16084
2025-09-13 17:07:23.519118,2639,69,3688,120,16096
2025-09-13 17:07:23.761868,2637,69,3612,164,16000
2025-09-13 17:07:23.958005,2633,69,3580,148,16076
2025-09-13 17:07:24.198366,2639,69,3524,65512,16116
2025-09-13 17:07:24.439731,2635,69,3632,65500,16144
2025-09-13 17:07:24.679824,2592,69,3512,65476,16168
2025-09-13 17:07:24.936085,2648,69,3564,132,16100
2025-09-13 17:07:25.174226,2643,69,3500,136,16264
2025-09-13 17:07:25.392502,2643,69,3616,56,16008
2025-09-13 17:07:25.607699,2633,69,3640,164,16036
2025-09-13 17:07:25.860015,2647,69,3576,65492,16120
2025-09-13 17:07:26.089015,2640,69,3576,88,16056
2025-09-13 17:07:26.327526,2636,69,3476,96,16060
2025-09-13 17:07:26.556595,2638,69,3580,68,16132
2025-09-13 17:07:26.724199,2647,69,3552,60,16168
2025-09-13 17:07:26.967355,2632,69,3476,144,16100
2025-09-13 17:07:27.214883,2639,69,3476,65520,16072
2025-09-13 17:07:27.469069,2647,69,3584,104,15988
2025-09-13 17:07:27.702364,2636,69,3544,56,16056
2025-09-13 17:07:27.930713,2611,69,3600,72,16136
2025-09-13 17:07:28.129558,2612,69,3584,12,15992
2025-09-13 17:07:28.338718,2642,69,3628,65472,16116
2025-09-13 17:07:28.599354,2647,69,3516,65520,16020
2025-09-13 17:07:28.782955,2648,69,3476,116,16012
2025-09-13 17:07:28.965129,2637,69,3668,65504,16152
2025-09-13 17:07:29.187365,2644,69,3600,124,16160
2025-09-13 17:07:29.431159,2651,69,3584,36,16272
2025-09-13 17:07:29.576060,2651,69,3628,64,16084
2025-09-13 17:07:29.796884,2628,69,3512,88,16264
2025-09-13 17:07:30.044139,2632,69,3568,148,16036
2025-09-13 17:07:30.247238,2638,69,3640,104,16040
2025-09-13 17:07:30.465797,2651,69,3536,80,16084
2025-09-13 17:07:30.688164,2637,69,3704,20,16240
2025-09-13 17:07:30.904385,2643,69,3496,36,16076
2025-09-13 17:07:31.116581,2647,69,3644,65532,16060
2025-09-13 17:07:31.394174,2637,69,3608,12,16108
2025-09-13 17:07:31.630586,2639,69,3684,132,16064
2025-09-13 17:07:31.905029,2636,69,3480,164,16092
2025-09-13 17:07:32.122109,2636,69,3612,65528,16048
2025-09-13 17:07:32.360510,2649,69,3640,0,16036
2025-09-13 17:07:32.591399,2648,69,3620,96,16164
2025-09-13 17:07:32.799067,2637,69,3516,184,16096
2025-09-13 17:07:33.038188,2642,69,3664,116,16016
2025-09-13 17:07:33.245096,2641,69,3672,84,16004
2025-09-13 17:07:33.492915,2637,69,3488,20,16080
2025-09-13 17:07:33.713112,2636,69,3572,52,16032
2025-09-13 17:07:33.924789,2641,69,3532,24,16168
2025-09-13 17:07:34.151226,2638,69,3568,88,16148
2025-09-13 17:07:34.392865,2638,69,3604,40,16124
2025-09-13 17:07:34.612175,2630,69,3680,84,16056
2025-09-13 17:07:34.851658,2648,69,3656,76,16056
2025-09-13 17:07:35.063213,2638,69,3628,52,16116
2025-09-13 17:07:35.295798,2635,69,3620,64,16104
2025-09-13 17:07:35.500756,2629,69,3540,65528,16124
2025-09-13 17:07:35.716806,2637,69,3704,80,16164
2025-09-13 17:07:35.934462,2630,69,3488,104,16084
2025-09-13 17:07:36.122978,2628,69,3572,65444,16248
2025-09-13 17:07:36.342585,2624,69,3620,76,16132
2025-09-13 17:07:36.544121,2639,69,3672,144,16188
